ChunkID, Package Name, Class Type, Hard or Soft Chunk, File Size, Other Chunks
0,/Engine/ArtTools/RenderToTexture/Materials/Debug/M_Emissive_Color,Material,Hard,9653,None
0,/Engine/EditorResources/AudioIcons/S_AudioComponent_AutoActivate,Texture2D,Hard,350967,None
0,/Engine/EngineDebugMaterials/VertexColorMaterial,Material,Hard,344291,None
0,/Engine/EngineDebugMaterials/WireframeMaterial,Material,Hard,964979,None
0,/Engine/Functions/Engine_MaterialFunctions01/Opacity/Chroma_Key_Alpha,MaterialFunction,Hard,998,None
0,/MagicLeapPassableWorld/MagicLeapARPinInfoActor,Blueprint,Hard,31715,None
0,/MagicLeapPassableWorld/MagicLeapARPinInfoActor,BlueprintGeneratedClass,Hard,31715,None
0,/Paper2D/DefaultPaperTerrainMaterial,PaperTerrainMaterial,Hard,1452,None
0,/Paper2D/DefaultSpriteMaterial,Material,Hard,117840,None
0,/Paper2D/DummySprite,PaperSprite,Hard,3479,None
0,/Paper2D/MaskedUnlitSpriteMaterial,MaterialInstanceConstant,Hard,2409,None
0,/Paper2D/OpaqueUnlitSpriteMaterial,MaterialInstanceConstant,Hard,55433,None
0,/Paper2D/PlaceholderTextures/DummySpriteTexture,Texture2D,Hard,23096,None
0,/PotatoTest/Assets/RebelBuilding/Ships/Falcon_Details_COLOR,Texture2D,Soft From Unassigned Package? Best Guess: /SW_NukeTown/SW_NukeTown_MapModData->/SW_NukeTown/Maps/SW_Nuketown->/SW_NukeTown/Assets/RebelBuilding/Ships/millennium_falcon_battlefront->/SW_NukeTown/Assets/RebelBuilding/Ships/Tex_0095_2_dds->/PotatoTest/Assets/RebelBuilding/Ships/Falcon_Details_COLOR,11186242,None
0,/SW_NukeTown/Assets/Decorations/Antenna,StaticMesh,Soft From Unassigned Package? Best Guess: /SW_NukeTown/SW_NukeTown_MapModData->/SW_NukeTown/Maps/SW_Nuketown->/SW_NukeTown/Assets/Decorations/Antenna,1682202,None
0,/SW_NukeTown/Assets/Decorations/Banner/EmpireWantsYou,Texture2D,Soft From Unassigned Package? Best Guess: /SW_NukeTown/SW_NukeTown_MapModData->/SW_NukeTown/Maps/SW_Nuketown->/SW_NukeTown/Assets/Decorations/Banner/EmpireWantsYou_Mat->/SW_NukeTown/Assets/Decorations/Banner/EmpireWantsYou,290321,None
0,/SW_NukeTown/Assets/Decorations/Banner/EmpireWantsYou_Mat,Material,Soft From Unassigned Package? Best Guess: /SW_NukeTown/SW_NukeTown_MapModData->/SW_NukeTown/Maps/SW_Nuketown->/SW_NukeTown/Assets/Decorations/Banner/EmpireWantsYou_Mat,75694,None
0,/SW_NukeTown/Assets/Decorations/Banner/ImpBanner,Texture2D,Soft From Unassigned Package? Best Guess: /SW_NukeTown/SW_NukeTown_MapModData->/SW_NukeTown/Maps/SW_Nuketown->/SW_NukeTown/Assets/Decorations/Banner/ImpBanner_Mat->/SW_NukeTown/Assets/Decorations/Banner/ImpBanner,3854735,None
0,/SW_NukeTown/Assets/Decorations/Banner/ImpBanner_Mat,Material,Soft From Unassigned Package? Best Guess: /SW_NukeTown/SW_NukeTown_MapModData->/SW_NukeTown/Maps/SW_Nuketown->/SW_NukeTown/Assets/Decorations/Banner/ImpBanner_Mat,75674,None
0,/SW_NukeTown/Assets/Decorations/Banner/ImpFlag,Texture2D,Soft From Unassigned Package? Best Guess: /SW_NukeTown/SW_NukeTown_MapModData->/SW_NukeTown/Maps/SW_Nuketown->/SW_NukeTown/Assets/Decorations/Banner/ImpFlag_Mat->/SW_NukeTown/Assets/Decorations/Banner/ImpFlag,1153027,None
0,/SW_NukeTown/Assets/Decorations/Banner/ImpFlag_Mat,Material,Soft From Unassigned Package? Best Guess: /SW_NukeTown/SW_NukeTown_MapModData->/SW_NukeTown/Maps/SW_Nuketown->/SW_NukeTown/Assets/Decorations/Banner/ImpFlag_Mat,75666,None
0,/SW_NukeTown/Assets/Decorations/Banner/JointheEmpire1,Texture2D,Soft From Unassigned Package? Best Guess: /SW_NukeTown/SW_NukeTown_MapModData->/SW_NukeTown/Maps/SW_Nuketown->/SW_NukeTown/Assets/Decorations/Banner/JointheEmpire1_Mat->/SW_NukeTown/Assets/Decorations/Banner/JointheEmpire1,5008649,None
0,/SW_NukeTown/Assets/Decorations/Banner/JointheEmpire1_Mat,Material,Soft From Unassigned Package? Best Guess: /SW_NukeTown/SW_NukeTown_MapModData->/SW_NukeTown/Maps/SW_Nuketown->/SW_NukeTown/Assets/Decorations/Banner/JointheEmpire1_Mat,75694,None
0,/SW_NukeTown/Assets/Decorations/Banner/pro-rebel-resist-the-empire,Texture2D,Soft From Unassigned Package? Best Guess: /SW_NukeTown/SW_NukeTown_MapModData->/SW_NukeTown/Maps/SW_Nuketown->/SW_NukeTown/Assets/Decorations/Banner/pro-rebel-resist-the-empire_Mat->/SW_NukeTown/Assets/Decorations/Banner/pro-rebel-resist-the-empire,2536075,None
0,/SW_NukeTown/Assets/Decorations/Banner/pro-rebel-resist-the-empire_Mat,Material,Soft From Unassigned Package? Best Guess: /SW_NukeTown/SW_NukeTown_MapModData->/SW_NukeTown/Maps/SW_Nuketown->/SW_NukeTown/Assets/Decorations/Banner/pro-rebel-resist-the-empire_Mat,75746,None
0,/SW_NukeTown/Assets/Decorations/Banner/RebelAdJoin,Texture2D,Soft From Unassigned Package? Best Guess: /SW_NukeTown/SW_NukeTown_MapModData->/SW_NukeTown/Maps/SW_Nuketown->/SW_NukeTown/Assets/Decorations/Banner/RebelAdJoin_Mat->/SW_NukeTown/Assets/Decorations/Banner/RebelAdJoin,1543843,None
0,/SW_NukeTown/Assets/Decorations/Banner/RebelAdJoin_Mat,Material,Soft From Unassigned Package? Best Guess: /SW_NukeTown/SW_NukeTown_MapModData->/SW_NukeTown/Maps/SW_Nuketown->/SW_NukeTown/Assets/Decorations/Banner/RebelAdJoin_Mat,75682,None
0,/SW_NukeTown/Assets/Decorations/Banner/RebelFlag,Texture2D,Soft From Unassigned Package? Best Guess: /SW_NukeTown/SW_NukeTown_MapModData->/SW_NukeTown/Maps/SW_Nuketown->/SW_NukeTown/Assets/Decorations/Banner/RebelFlag_Mat->/SW_NukeTown/Assets/Decorations/Banner/RebelFlag,7057039,None
0,/SW_NukeTown/Assets/Decorations/Banner/RebelFlag_Mat,Material,Soft From Unassigned Package? Best Guess: /SW_NukeTown/SW_NukeTown_MapModData->/SW_NukeTown/Maps/SW_Nuketown->/SW_NukeTown/Assets/Decorations/Banner/RebelFlag_Mat,75674,None
0,/SW_NukeTown/Assets/Decorations/Banner/TheEmpireNeedsYou,Texture2D,Soft From Unassigned Package? Best Guess: /SW_NukeTown/Assets/Decorations/Banner/TheEmpireNeedsYou,2225855,None
0,/SW_NukeTown/Assets/Decorations/Barrel,StaticMesh,Soft From Unassigned Package? Best Guess: /SW_NukeTown/SW_NukeTown_MapModData->/SW_NukeTown/Maps/SW_Nuketown->/SW_NukeTown/Assets/Decorations/Barrel,114952,None
0,/SW_NukeTown/Assets/Decorations/Chair,StaticMesh,Soft From Unassigned Package? Best Guess: /SW_NukeTown/SW_NukeTown_MapModData->/SW_NukeTown/Maps/SW_Nuketown->/SW_NukeTown/Assets/Decorations/Chair,29046,None
0,/SW_NukeTown/Assets/Decorations/ChairPillow,StaticMesh,Soft From Unassigned Package? Best Guess: /SW_NukeTown/SW_NukeTown_MapModData->/SW_NukeTown/Maps/SW_Nuketown->/SW_NukeTown/Assets/Decorations/ChairPillow,846666,None
0,/SW_NukeTown/Assets/Decorations/cloth,Material,Soft From Unassigned Package? Best Guess: /SW_NukeTown/SW_NukeTown_MapModData->/SW_NukeTown/Maps/SW_Nuketown->/SW_NukeTown/Assets/Decorations/cloth,134107,None
0,/SW_NukeTown/Assets/Decorations/cloth_ncl1_1,Texture2D,Soft From Unassigned Package? Best Guess: /SW_NukeTown/SW_NukeTown_MapModData->/SW_NukeTown/Maps/SW_Nuketown->/SW_NukeTown/Assets/Decorations/cloth->/SW_NukeTown/Assets/Decorations/cloth_ncl1_1,584226,None
0,/SW_NukeTown/Assets/Decorations/Computer,Texture2D,Soft From Unassigned Package? Best Guess: /SW_NukeTown/SW_NukeTown_MapModData->/SW_NukeTown/Maps/SW_Nuketown->/SW_NukeTown/Assets/Decorations/Computer_Mat->/SW_NukeTown/Assets/Decorations/Computer,1399443,None
0,/SW_NukeTown/Assets/Decorations/Computer_Mat,Material,Soft From Unassigned Package? Best Guess: /SW_NukeTown/SW_NukeTown_MapModData->/SW_NukeTown/Maps/SW_Nuketown->/SW_NukeTown/Assets/Decorations/Computer_Mat,134487,None
0,/SW_NukeTown/Assets/Decorations/ComputerTerminal,StaticMesh,Soft From Unassigned Package? Best Guess: /SW_NukeTown/SW_NukeTown_MapModData->/SW_NukeTown/Maps/SW_Nuketown->/SW_NukeTown/Assets/Decorations/ComputerTerminal,44832,None
0,/SW_NukeTown/Assets/Decorations/Control_Computer,StaticMesh,Soft From Unassigned Package? Best Guess: /SW_NukeTown/SW_NukeTown_MapModData->/SW_NukeTown/Maps/SW_Nuketown->/SW_NukeTown/Assets/Decorations/Control_Computer,74410,None
0,/SW_NukeTown/Assets/Decorations/Couch,StaticMesh,Soft From Unassigned Package? Best Guess: /SW_NukeTown/SW_NukeTown_MapModData->/SW_NukeTown/Maps/SW_Nuketown->/SW_NukeTown/Assets/Decorations/Couch,68014,None
0,/SW_NukeTown/Assets/Decorations/Crate,StaticMesh,Soft From Unassigned Package? Best Guess: /SW_NukeTown/SW_NukeTown_MapModData->/SW_NukeTown/Maps/SW_Nuketown->/SW_NukeTown/Assets/Decorations/Crate,19662,None
0,/SW_NukeTown/Assets/Decorations/dark_wood__table_,Material,Soft From Unassigned Package? Best Guess: /SW_NukeTown/SW_NukeTown_MapModData->/SW_NukeTown/Maps/SW_Nuketown->/SW_NukeTown/Assets/Decorations/Couch->/SW_NukeTown/Assets/Decorations/dark_wood__table_,134143,None
0,/SW_NukeTown/Assets/Decorations/DoorPanel,StaticMesh,Soft From Unassigned Package? Best Guess: /SW_NukeTown/SW_NukeTown_MapModData->/SW_NukeTown/Maps/SW_Nuketown->/SW_NukeTown/Assets/Decorations/DoorPanel,64086,None
0,/SW_NukeTown/Assets/Decorations/doorpanel1,Material,Soft From Unassigned Package? Best Guess: /SW_NukeTown/SW_NukeTown_MapModData->/SW_NukeTown/Maps/SW_Nuketown->/SW_NukeTown/Assets/Decorations/DoorPanel->/SW_NukeTown/Assets/Decorations/doorpanel1,134537,None
0,/SW_NukeTown/Assets/Decorations/DoorPanel_Material__97_Emissive_tga,Texture2D,Soft From Unassigned Package? Best Guess: /SW_NukeTown/SW_NukeTown_MapModData->/SW_NukeTown/Maps/SW_Nuketown->/SW_NukeTown/Assets/Decorations/DoorPanel->/SW_NukeTown/Assets/Decorations/doorpanel1->/SW_NukeTown/Assets/Decorations/DoorPanel_Material__97_Emissive_tga,700433,None
0,/SW_NukeTown/Assets/Decorations/fdfc60c6b4c64614992a2fa73cbbc7ea_fbx,StaticMesh,Soft From Unassigned Package? Best Guess: /SW_NukeTown/SW_NukeTown_MapModData->/SW_NukeTown/Maps/SW_Nuketown->/SW_NukeTown/Assets/Decorations/fdfc60c6b4c64614992a2fa73cbbc7ea_fbx,6094813,None
0,/SW_NukeTown/Assets/Decorations/Hologram-lights_Alpha,Texture2D,Soft From Unassigned Package? Best Guess: /SW_NukeTown/SW_NukeTown_MapModData->/SW_NukeTown/Maps/SW_Nuketown->/SW_NukeTown/Assets/Decorations/Hologram-lights_Emmissive_Mat->/SW_NukeTown/Assets/Decorations/Hologram-lights_Alpha,700405,None
0,/SW_NukeTown/Assets/Decorations/Hologram-lights_Emmissive,Texture2D,Soft From Unassigned Package? Best Guess: /SW_NukeTown/SW_NukeTown_MapModData->/SW_NukeTown/Maps/SW_Nuketown->/SW_NukeTown/Assets/Decorations/Hologram-lights_Emmissive_Mat->/SW_NukeTown/Assets/Decorations/Hologram-lights_Emmissive,700413,None
0,/SW_NukeTown/Assets/Decorations/Hologram-lights_Emmissive_Mat,Material,Soft From Unassigned Package? Best Guess: /SW_NukeTown/SW_NukeTown_MapModData->/SW_NukeTown/Maps/SW_Nuketown->/SW_NukeTown/Assets/Decorations/Hologram-lights_Emmissive_Mat,97109,None
0,/SW_NukeTown/Assets/Decorations/Hologram-object_Alpha,Texture2D,Soft From Unassigned Package? Best Guess: /SW_NukeTown/Assets/Decorations/Hologram-object_Alpha,700405,None
0,/SW_NukeTown/Assets/Decorations/Hologram-object_Base_Color,Texture2D,Soft From Unassigned Package? Best Guess: /SW_NukeTown/SW_NukeTown_MapModData->/SW_NukeTown/Maps/SW_Nuketown->/SW_NukeTown/Assets/Decorations/Hologram-object_Base_Color_Mat->/SW_NukeTown/Assets/Decorations/Hologram-object_Base_Color,700415,None
0,/SW_NukeTown/Assets/Decorations/Hologram-object_Base_Color_Mat,Material,Soft From Unassigned Package? Best Guess: /SW_NukeTown/SW_NukeTown_MapModData->/SW_NukeTown/Maps/SW_Nuketown->/SW_NukeTown/Assets/Decorations/Hologram-object_Base_Color_Mat,135637,None
0,/SW_NukeTown/Assets/Decorations/Hologram-object_Emissive,Texture2D,Soft From Unassigned Package? Best Guess: /SW_NukeTown/SW_NukeTown_MapModData->/SW_NukeTown/Maps/SW_Nuketown->/SW_NukeTown/Assets/Decorations/Hologram-object_Base_Color_Mat->/SW_NukeTown/Assets/Decorations/Hologram-object_Emissive,700411,None
0,/SW_NukeTown/Assets/Decorations/HoloProjector,Texture2D,Soft From Unassigned Package? Best Guess: /SW_NukeTown/SW_NukeTown_MapModData->/SW_NukeTown/Maps/SW_Nuketown->/SW_NukeTown/Assets/Decorations/HoloProjector_Mat->/SW_NukeTown/Assets/Decorations/HoloProjector,700389,None
0,/SW_NukeTown/Assets/Decorations/HoloProjector_Mat,Material,Soft From Unassigned Package? Best Guess: /SW_NukeTown/SW_NukeTown_MapModData->/SW_NukeTown/Maps/SW_Nuketown->/SW_NukeTown/Assets/Decorations/HoloProjector_Mat,134507,None
0,/SW_NukeTown/Assets/Decorations/Holotable,StaticMesh,Soft From Unassigned Package? Best Guess: /SW_NukeTown/SW_NukeTown_MapModData->/SW_NukeTown/Maps/SW_Nuketown->/SW_NukeTown/Assets/Decorations/Holotable,179675,None
0,/SW_NukeTown/Assets/Decorations/leather,Material,Soft From Unassigned Package? Best Guess: /SW_NukeTown/SW_NukeTown_MapModData->/SW_NukeTown/Maps/SW_Nuketown->/SW_NukeTown/Assets/Decorations/leather,134113,None
0,/SW_NukeTown/Assets/Decorations/M_Blue_Light,Material,Soft From Unassigned Package? Best Guess: /SW_NukeTown/SW_NukeTown_MapModData->/SW_NukeTown/Maps/SW_Nuketown->/SW_NukeTown/Assets/Decorations/ScientificComputer->/SW_NukeTown/Assets/Decorations/M_Blue_Light,133757,None
0,/SW_NukeTown/Assets/Decorations/M_monitor,Material,Soft From Unassigned Package? Best Guess: /SW_NukeTown/SW_NukeTown_MapModData->/SW_NukeTown/Maps/SW_Nuketown->/SW_NukeTown/Assets/Decorations/ScientificComputer->/SW_NukeTown/Assets/Decorations/M_monitor,144418,None
0,/SW_NukeTown/Assets/Decorations/M_Panel_scientific,Material,Soft From Unassigned Package? Best Guess: /SW_NukeTown/SW_NukeTown_MapModData->/SW_NukeTown/Maps/SW_Nuketown->/SW_NukeTown/Assets/Decorations/ScientificComputer->/SW_NukeTown/Assets/Decorations/M_Panel_scientific,134533,None
0,/SW_NukeTown/Assets/Decorations/M_Red_Light,Material,Soft From Unassigned Package? Best Guess: /SW_NukeTown/SW_NukeTown_MapModData->/SW_NukeTown/Maps/SW_Nuketown->/SW_NukeTown/Assets/Decorations/ScientificComputer->/SW_NukeTown/Assets/Decorations/M_Red_Light,133755,None
0,/SW_NukeTown/Assets/Decorations/Material,Material,Soft From Unassigned Package? Best Guess: /SW_NukeTown/SW_NukeTown_MapModData->/SW_NukeTown/Maps/SW_Nuketown->/SW_NukeTown/Assets/Decorations/Holotable->/SW_NukeTown/Assets/Decorations/Material,75758,None
0,/SW_NukeTown/Assets/Decorations/MedicalTerminal,Material,Soft From Unassigned Package? Best Guess: /SW_NukeTown/SW_NukeTown_MapModData->/SW_NukeTown/Maps/SW_Nuketown->/SW_NukeTown/Assets/Decorations/ComputerTerminal->/SW_NukeTown/Assets/Decorations/MedicalTerminal,135623,None
0,/SW_NukeTown/Assets/Decorations/Metal-part_Base_Color,Texture2D,Soft From Unassigned Package? Best Guess: /SW_NukeTown/Assets/Decorations/Metal-part_Base_Color_Mat->/SW_NukeTown/Assets/Decorations/Metal-part_Base_Color,2797593,None
0,/SW_NukeTown/Assets/Decorations/Metal-part_Base_Color_Mat,Material,Soft From Unassigned Package? Best Guess: /SW_NukeTown/Assets/Decorations/Metal-part_Base_Color_Mat,75708,None
0,/SW_NukeTown/Assets/Decorations/metal,Material,Soft From Unassigned Package? Best Guess: /SW_NukeTown/SW_NukeTown_MapModData->/SW_NukeTown/Maps/SW_Nuketown->/SW_NukeTown/Assets/Decorations/metal,134175,None
0,/SW_NukeTown/Assets/Decorations/metal_chain,Material,Soft From Unassigned Package? Best Guess: /SW_NukeTown/SW_NukeTown_MapModData->/SW_NukeTown/Maps/SW_Nuketown->/SW_NukeTown/Assets/Decorations/Barrel->/SW_NukeTown/Assets/Decorations/metal_chain,134177,None
0,/SW_NukeTown/Assets/Decorations/metal_texture_7_by_wojtar_stock_d1au5qb,Texture2D,Soft From Unassigned Package? Best Guess: /SW_NukeTown/SW_NukeTown_MapModData->/SW_NukeTown/Maps/SW_Nuketown->/SW_NukeTown/Assets/Decorations/Barrel->/SW_NukeTown/Assets/Decorations/metal_chain->/SW_NukeTown/Assets/Decorations/metal_texture_7_by_wojtar_stock_d1au5qb,5071092,None
0,/SW_NukeTown/Assets/Decorations/metal_texture_7_by_wojtar_stock_d1au5qb_ncl1_1,Texture2D,Soft From Unassigned Package? Best Guess: /SW_NukeTown/SW_NukeTown_MapModData->/SW_NukeTown/Maps/SW_Nuketown->/SW_NukeTown/Assets/Decorations/metal->/SW_NukeTown/Assets/Decorations/metal_texture_7_by_wojtar_stock_d1au5qb_ncl1_1,5071102,None
0,/SW_NukeTown/Assets/Decorations/RazorCrest/RazorCrest1_Engines_BaseColor,Texture2D,Soft From Unassigned Package? Best Guess: /SW_NukeTown/SW_NukeTown_MapModData->/SW_NukeTown/Maps/SW_Nuketown->/SW_NukeTown/Assets/Decorations/RazorCrest/RazorCrest1_Engines_BaseColor_Mat->/SW_NukeTown/Assets/Decorations/RazorCrest/RazorCrest1_Engines_BaseColor,44740732,None
0,/SW_NukeTown/Assets/Decorations/RazorCrest/RazorCrest1_Engines_BaseColor_Mat,Material,Soft From Unassigned Package? Best Guess: /SW_NukeTown/SW_NukeTown_MapModData->/SW_NukeTown/Maps/SW_Nuketown->/SW_NukeTown/Assets/Decorations/RazorCrest/RazorCrest1_Engines_BaseColor_Mat,75762,None
0,/SW_NukeTown/Assets/Decorations/RazorCrest/RazorCrest1_Exterior_BaseColor,Texture2D,Soft From Unassigned Package? Best Guess: /SW_NukeTown/SW_NukeTown_MapModData->/SW_NukeTown/Maps/SW_Nuketown->/SW_NukeTown/Assets/Decorations/RazorCrest/RazorCrest1_Exterior_BaseColor_Mat->/SW_NukeTown/Assets/Decorations/RazorCrest/RazorCrest1_Exterior_BaseColor,44740734,None
0,/SW_NukeTown/Assets/Decorations/RazorCrest/RazorCrest1_Exterior_BaseColor_Mat,Material,Soft From Unassigned Package? Best Guess: /SW_NukeTown/SW_NukeTown_MapModData->/SW_NukeTown/Maps/SW_Nuketown->/SW_NukeTown/Assets/Decorations/RazorCrest/RazorCrest1_Exterior_BaseColor_Mat,134597,None
0,/SW_NukeTown/Assets/Decorations/RazorCrest/RazorCrest1_LandingGear_BaseColor,Texture2D,Soft From Unassigned Package? Best Guess: /SW_NukeTown/SW_NukeTown_MapModData->/SW_NukeTown/Maps/SW_Nuketown->/SW_NukeTown/Assets/Decorations/RazorCrest/RazorCrest1_LandingGear_BaseColor_Mat->/SW_NukeTown/Assets/Decorations/RazorCrest/RazorCrest1_LandingGear_BaseColor,44740740,None
0,/SW_NukeTown/Assets/Decorations/RazorCrest/RazorCrest1_LandingGear_BaseColor_Mat,Material,Soft From Unassigned Package? Best Guess: /SW_NukeTown/SW_NukeTown_MapModData->/SW_NukeTown/Maps/SW_Nuketown->/SW_NukeTown/Assets/Decorations/RazorCrest/RazorCrest1_LandingGear_BaseColor_Mat,75778,None
0,/SW_NukeTown/Assets/Decorations/RazorCrest/RazorCrestfIXED,StaticMesh,Soft From Unassigned Package? Best Guess: /SW_NukeTown/SW_NukeTown_MapModData->/SW_NukeTown/Maps/SW_Nuketown->/SW_NukeTown/Assets/Decorations/RazorCrest/RazorCrestfIXED,22006475,None
0,/SW_NukeTown/Assets/Decorations/red_leather,Texture2D,Soft From Unassigned Package? Best Guess: /SW_NukeTown/SW_NukeTown_MapModData->/SW_NukeTown/Maps/SW_Nuketown->/SW_NukeTown/Assets/Decorations/leather->/SW_NukeTown/Assets/Decorations/red_leather,615428,None
0,/SW_NukeTown/Assets/Decorations/Satellite_B_Albedo_TGA,Texture2D,Soft From Unassigned Package? Best Guess: /SW_NukeTown/SW_NukeTown_MapModData->/SW_NukeTown/Maps/SW_Nuketown->/SW_NukeTown/Assets/Decorations/Antenna->/SW_NukeTown/Assets/Decorations/Sattelite_B->/SW_NukeTown/Assets/Decorations/Satellite_B_Albedo_TGA,700407,None
0,/SW_NukeTown/Assets/Decorations/Sattelite_B,Material,Soft From Unassigned Package? Best Guess: /SW_NukeTown/SW_NukeTown_MapModData->/SW_NukeTown/Maps/SW_Nuketown->/SW_NukeTown/Assets/Decorations/Antenna->/SW_NukeTown/Assets/Decorations/Sattelite_B,134513,None
0,/SW_NukeTown/Assets/Decorations/ScientificComputer,StaticMesh,Soft From Unassigned Package? Best Guess: /SW_NukeTown/SW_NukeTown_MapModData->/SW_NukeTown/Maps/SW_Nuketown->/SW_NukeTown/Assets/Decorations/ScientificComputer,1490224,None
0,/SW_NukeTown/Assets/Decorations/T_Graph_scientic_03_C_tga,Texture2D,Soft From Unassigned Package? Best Guess: /SW_NukeTown/SW_NukeTown_MapModData->/SW_NukeTown/Maps/SW_Nuketown->/SW_NukeTown/Assets/Decorations/ScientificComputer->/SW_NukeTown/Assets/Decorations/M_Panel_scientific->/SW_NukeTown/Assets/Decorations/T_Graph_scientic_03_C_tga,2797601,None
0,/SW_NukeTown/Assets/Decorations/T_MedBayPanelMedium_01_C_tga,Texture2D,Soft From Unassigned Package? Best Guess: /SW_NukeTown/SW_NukeTown_MapModData->/SW_NukeTown/Maps/SW_Nuketown->/SW_NukeTown/Assets/Decorations/ComputerTerminal->/SW_NukeTown/Assets/Decorations/MedicalTerminal->/SW_NukeTown/Assets/Decorations/T_MedBayPanelMedium_01_C_tga,700419,None
0,/SW_NukeTown/Assets/Decorations/T_MedBayPanelMedium_01_emi_tga,Texture2D,Soft From Unassigned Package? Best Guess: /SW_NukeTown/SW_NukeTown_MapModData->/SW_NukeTown/Maps/SW_Nuketown->/SW_NukeTown/Assets/Decorations/ComputerTerminal->/SW_NukeTown/Assets/Decorations/MedicalTerminal->/SW_NukeTown/Assets/Decorations/T_MedBayPanelMedium_01_emi_tga,700423,None
0,/SW_NukeTown/Assets/Decorations/wood-texture-079,Texture2D,Soft From Unassigned Package? Best Guess: /SW_NukeTown/SW_NukeTown_MapModData->/SW_NukeTown/Maps/SW_Nuketown->/SW_NukeTown/Assets/Decorations/Couch->/SW_NukeTown/Assets/Decorations/dark_wood__table_->/SW_NukeTown/Assets/Decorations/wood-texture-079,7111038,None
0,/SW_NukeTown/Assets/Decorations/Yacht/BlueEngineGlow,Material,Soft From Unassigned Package? Best Guess: /SW_NukeTown/Assets/Decorations/Yacht/Personal_Luxury_Yacht_3000->/SW_NukeTown/Assets/Decorations/Yacht/BlueEngineGlow,51399,None
0,/SW_NukeTown/Assets/Decorations/Yacht/Glass1,Material,Soft From Unassigned Package? Best Guess: /SW_NukeTown/SW_NukeTown_MapModData->/SW_NukeTown/Maps/SW_Nuketown->/SW_NukeTown/Assets/Decorations/Yacht/yacht_no_engines->/SW_NukeTown/Assets/Decorations/Yacht/Glass1,133751,None
0,/SW_NukeTown/Assets/Decorations/Yacht/Personal_Luxury_Yacht_3000,StaticMesh,Soft From Unassigned Package? Best Guess: /SW_NukeTown/Assets/Decorations/Yacht/Personal_Luxury_Yacht_3000,4453546,None
0,/SW_NukeTown/Assets/Decorations/Yacht/ReflectiveGlass,Material,Soft From Unassigned Package? Best Guess: /SW_NukeTown/SW_NukeTown_MapModData->/SW_NukeTown/Maps/SW_Nuketown->/SW_NukeTown/Assets/Decorations/Yacht/yacht_no_engines->/SW_NukeTown/Assets/Decorations/Yacht/ReflectiveGlass,133769,None
0,/SW_NukeTown/Assets/Decorations/Yacht/ScratchedMetal,Material,Soft From Unassigned Package? Best Guess: /SW_NukeTown/SW_NukeTown_MapModData->/SW_NukeTown/Maps/SW_Nuketown->/SW_NukeTown/Assets/Decorations/Yacht/yacht_no_engines->/SW_NukeTown/Assets/Decorations/Yacht/ScratchedMetal,77040,None
0,/SW_NukeTown/Assets/Decorations/Yacht/ScratchedMetalDark,Material,Soft From Unassigned Package? Best Guess: /SW_NukeTown/SW_NukeTown_MapModData->/SW_NukeTown/Maps/SW_Nuketown->/SW_NukeTown/Assets/Decorations/Yacht/ScratchedMetalDark,133775,None
0,/SW_NukeTown/Assets/Decorations/Yacht/yacht_no_engines,StaticMesh,Soft From Unassigned Package? Best Guess: /SW_NukeTown/SW_NukeTown_MapModData->/SW_NukeTown/Maps/SW_Nuketown->/SW_NukeTown/Assets/Decorations/Yacht/yacht_no_engines,2499338,None
0,/SW_NukeTown/Assets/Decorations/Yacht/yacht_no_engines2,StaticMesh,Soft From Unassigned Package? Best Guess: /SW_NukeTown/Assets/Decorations/Yacht/yacht_no_engines2,1046802,None
0,/SW_NukeTown/Assets/Decorations/Yacht/YachtScratchedMEtal,Texture2D,Soft From Unassigned Package? Best Guess: /SW_NukeTown/SW_NukeTown_MapModData->/SW_NukeTown/Maps/SW_Nuketown->/SW_NukeTown/Assets/Decorations/Yacht/yacht_no_engines->/SW_NukeTown/Assets/Decorations/Yacht/ScratchedMetal->/SW_NukeTown/Assets/Decorations/Yacht/YachtScratchedMEtal,176083,None
0,/SW_NukeTown/Assets/gfp,Texture2D,Soft From Unassigned Package? Best Guess: /SW_NukeTown/Assets/gfp,700357,None
0,/SW_NukeTown/Assets/ImpBuilding/blastdoor,Material,Soft From Unassigned Package? Best Guess: /SW_NukeTown/SW_NukeTown_MapModData->/SW_NukeTown/Maps/SW_Nuketown->/SW_NukeTown/Assets/ImpBuilding/blastdoor,144064,None
0,/SW_NukeTown/Assets/ImpBuilding/blastdoor_001,Material,Soft From Unassigned Package? Best Guess: /SW_NukeTown/SW_NukeTown_MapModData->/SW_NukeTown/Maps/SW_Nuketown->/SW_NukeTown/Assets/ImpBuilding/ImpHouseBackStairs->/SW_NukeTown/Assets/ImpBuilding/blastdoor_001,134135,None
0,/SW_NukeTown/Assets/ImpBuilding/blastDoorTexture,Texture2D,Soft From Unassigned Package? Best Guess: /SW_NukeTown/SW_NukeTown_MapModData->/SW_NukeTown/Maps/SW_Nuketown->/SW_NukeTown/Assets/ImpBuilding/blastdoor->/SW_NukeTown/Assets/ImpBuilding/blastDoorTexture,5071046,None
0,/SW_NukeTown/Assets/ImpBuilding/Decorations/BactaTank,StaticMesh,Soft From Unassigned Package? Best Guess: /SW_NukeTown/SW_NukeTown_MapModData->/SW_NukeTown/Maps/SW_Nuketown->/SW_NukeTown/Assets/ImpBuilding/Decorations/BactaTank,5927015,None
0,/SW_NukeTown/Assets/ImpBuilding/Decorations/BananaB,Material,Soft From Unassigned Package? Best Guess: /SW_NukeTown/SW_NukeTown_MapModData->/SW_NukeTown/Maps/SW_Nuketown->/SW_NukeTown/Assets/ImpBuilding/Decorations/BactaTank->/SW_NukeTown/Assets/ImpBuilding/Decorations/BananaB,75785,None
0,/SW_NukeTown/Assets/ImpBuilding/Decorations/BananaY,Material,Soft From Unassigned Package? Best Guess: /SW_NukeTown/SW_NukeTown_MapModData->/SW_NukeTown/Maps/SW_Nuketown->/SW_NukeTown/Assets/ImpBuilding/Decorations/BactaTank->/SW_NukeTown/Assets/ImpBuilding/Decorations/BananaY,75785,None
0,/SW_NukeTown/Assets/ImpBuilding/Decorations/Black,Material,Soft From Unassigned Package? Best Guess: /SW_NukeTown/SW_NukeTown_MapModData->/SW_NukeTown/Maps/SW_Nuketown->/SW_NukeTown/Assets/ImpBuilding/Decorations/BactaTank->/SW_NukeTown/Assets/ImpBuilding/Decorations/Black,75781,None
0,/SW_NukeTown/Assets/ImpBuilding/Decorations/Blue,Material,Soft From Unassigned Package? Best Guess: /SW_NukeTown/SW_NukeTown_MapModData->/SW_NukeTown/Maps/SW_Nuketown->/SW_NukeTown/Assets/ImpBuilding/Decorations/BactaTank->/SW_NukeTown/Assets/ImpBuilding/Decorations/Blue,51385,None
0,/SW_NukeTown/Assets/ImpBuilding/Decorations/Cargo_Box_2_C,Texture2D,Soft From Unassigned Package? Best Guess: /SW_NukeTown/SW_NukeTown_MapModData->/SW_NukeTown/Maps/SW_Nuketown->/SW_NukeTown/Assets/ImpBuilding/Decorations/Cargo_Box_2_C_Mat->/SW_NukeTown/Assets/ImpBuilding/Decorations/Cargo_Box_2_C,2797589,None
0,/SW_NukeTown/Assets/ImpBuilding/Decorations/Cargo_Box_2_C_Mat,Material,Soft From Unassigned Package? Best Guess: /SW_NukeTown/SW_NukeTown_MapModData->/SW_NukeTown/Maps/SW_Nuketown->/SW_NukeTown/Assets/ImpBuilding/Decorations/Cargo_Box_2_C_Mat,134531,None
0,/SW_NukeTown/Assets/ImpBuilding/Decorations/CombinedArmory,StaticMesh,Soft From Unassigned Package? Best Guess: /SW_NukeTown/SW_NukeTown_MapModData->/SW_NukeTown/Maps/SW_Nuketown->/SW_NukeTown/Assets/ImpBuilding/Decorations/CombinedArmory,100696226,None
0,/SW_NukeTown/Assets/ImpBuilding/Decorations/crate_Base_color,Texture2D,Soft From Unassigned Package? Best Guess: /SW_NukeTown/SW_NukeTown_MapModData->/SW_NukeTown/Maps/SW_Nuketown->/SW_NukeTown/Assets/ImpBuilding/Decorations/crate_Base_color_Mat->/SW_NukeTown/Assets/ImpBuilding/Decorations/crate_Base_color,2797595,None
0,/SW_NukeTown/Assets/ImpBuilding/Decorations/crate_Base_color_Mat,Material,Soft From Unassigned Package? Best Guess: /SW_NukeTown/SW_NukeTown_MapModData->/SW_NukeTown/Maps/SW_Nuketown->/SW_NukeTown/Assets/ImpBuilding/Decorations/crate_Base_color_Mat,134543,None
0,/SW_NukeTown/Assets/ImpBuilding/Decorations/Death_Star,StaticMesh,Soft From Unassigned Package? Best Guess: /SW_NukeTown/SW_NukeTown_MapModData->/SW_NukeTown/Maps/SW_Nuketown->/SW_NukeTown/Assets/ImpBuilding/Decorations/Death_Star,277869,None
0,/SW_NukeTown/Assets/ImpBuilding/Decorations/Death_Star_Tex,Texture2D,Soft From Unassigned Package? Best Guess: /SW_NukeTown/SW_NukeTown_MapModData->/SW_NukeTown/Maps/SW_Nuketown->/SW_NukeTown/Assets/ImpBuilding/Decorations/Death_Star_Tex_Mat->/SW_NukeTown/Assets/ImpBuilding/Decorations/Death_Star_Tex,350883,None
0,/SW_NukeTown/Assets/ImpBuilding/Decorations/Death_Star_Tex_Mat,Material,Soft From Unassigned Package? Best Guess: /SW_NukeTown/SW_NukeTown_MapModData->/SW_NukeTown/Maps/SW_Nuketown->/SW_NukeTown/Assets/ImpBuilding/Decorations/Death_Star_Tex_Mat,52698,None
0,/SW_NukeTown/Assets/ImpBuilding/Decorations/Default,Material,Soft From Unassigned Package? Best Guess: /SW_NukeTown/Assets/ImpBuilding/Decorations/Default,147081,None
0,/SW_NukeTown/Assets/ImpBuilding/Decorations/export_2,StaticMesh,Soft From Unassigned Package? Best Guess: /SW_NukeTown/Assets/ImpBuilding/Decorations/export_2,49865330,None
0,/SW_NukeTown/Assets/ImpBuilding/Decorations/Glass,Material,Soft From Unassigned Package? Best Guess: /SW_NukeTown/SW_NukeTown_MapModData->/SW_NukeTown/Maps/SW_Nuketown->/SW_NukeTown/Assets/ImpBuilding/Decorations/BactaTank->/SW_NukeTown/Assets/ImpBuilding/Decorations/Glass,51387,None
0,/SW_NukeTown/Assets/ImpBuilding/Decorations/Grey,Material,Soft From Unassigned Package? Best Guess: /SW_NukeTown/SW_NukeTown_MapModData->/SW_NukeTown/Maps/SW_Nuketown->/SW_NukeTown/Assets/ImpBuilding/Decorations/BactaTank->/SW_NukeTown/Assets/ImpBuilding/Decorations/Grey,75779,None
0,/SW_NukeTown/Assets/ImpBuilding/Decorations/Grey2,Material,Soft From Unassigned Package? Best Guess: /SW_NukeTown/SW_NukeTown_MapModData->/SW_NukeTown/Maps/SW_Nuketown->/SW_NukeTown/Assets/ImpBuilding/Decorations/BactaTank->/SW_NukeTown/Assets/ImpBuilding/Decorations/Grey2,75781,None
0,/SW_NukeTown/Assets/ImpBuilding/Decorations/ImperialBox,StaticMesh,Soft From Unassigned Package? Best Guess: /SW_NukeTown/SW_NukeTown_MapModData->/SW_NukeTown/Maps/SW_Nuketown->/SW_NukeTown/Assets/ImpBuilding/Decorations/ImperialBox,190440,None
0,/SW_NukeTown/Assets/ImpBuilding/Decorations/ImperialCrate,StaticMesh,Soft From Unassigned Package? Best Guess: /SW_NukeTown/SW_NukeTown_MapModData->/SW_NukeTown/Maps/SW_Nuketown->/SW_NukeTown/Assets/ImpBuilding/Decorations/ImperialCrate,21692,None
0,/SW_NukeTown/Assets/ImpBuilding/Decorations/LightPanel,StaticMesh,Soft From Unassigned Package? Best Guess: /SW_NukeTown/SW_NukeTown_MapModData->/SW_NukeTown/Maps/SW_Nuketown->/SW_NukeTown/Assets/ImpBuilding/Decorations/LightPanel,1503583,None
0,/SW_NukeTown/Assets/ImpBuilding/Decorations/LightPanel_Mat,Material,Soft From Unassigned Package? Best Guess: /SW_NukeTown/SW_NukeTown_MapModData->/SW_NukeTown/Maps/SW_Nuketown->/SW_NukeTown/Assets/ImpBuilding/Decorations/LightPanel->/SW_NukeTown/Assets/ImpBuilding/Decorations/LightPanel_Mat,134962,None
0,/SW_NukeTown/Assets/ImpBuilding/Decorations/Metal,Material,Soft From Unassigned Package? Best Guess: /SW_NukeTown/SW_NukeTown_MapModData->/SW_NukeTown/Maps/SW_Nuketown->/SW_NukeTown/Assets/ImpBuilding/Decorations/BactaTank->/SW_NukeTown/Assets/ImpBuilding/Decorations/Metal,75781,None
0,/SW_NukeTown/Assets/ImpBuilding/Decorations/Metal2,Material,Soft From Unassigned Package? Best Guess: /SW_NukeTown/SW_NukeTown_MapModData->/SW_NukeTown/Maps/SW_Nuketown->/SW_NukeTown/Assets/ImpBuilding/Decorations/BactaTank->/SW_NukeTown/Assets/ImpBuilding/Decorations/Metal2,75783,None
0,/SW_NukeTown/Assets/ImpBuilding/Decorations/Orange,Material,Soft From Unassigned Package? Best Guess: /SW_NukeTown/SW_NukeTown_MapModData->/SW_NukeTown/Maps/SW_Nuketown->/SW_NukeTown/Assets/ImpBuilding/Decorations/BactaTank->/SW_NukeTown/Assets/ImpBuilding/Decorations/Orange,75783,None
0,/SW_NukeTown/Assets/ImpBuilding/Decorations/RACK_ARM_PBR,StaticMesh,Soft From Unassigned Package? Best Guess: /SW_NukeTown/Assets/ImpBuilding/Decorations/RACK_ARM_PBR,324248,None
0,/SW_NukeTown/Assets/ImpBuilding/Decorations/RACKARM_M_ARMOIR_BaseColor,Texture2D,Soft From Unassigned Package? Best Guess: /SW_NukeTown/SW_NukeTown_MapModData->/SW_NukeTown/Maps/SW_Nuketown->/SW_NukeTown/Assets/ImpBuilding/Decorations/CombinedArmory->/SW_NukeTown/Assets/ImpBuilding/Decorations/RACKARM_M_ARMOIR_BaseColor_Mat->/SW_NukeTown/Assets/ImpBuilding/Decorations/RACKARM_M_ARMOIR_BaseColor,2797615,None
0,/SW_NukeTown/Assets/ImpBuilding/Decorations/RACKARM_M_ARMOIR_BaseColor_Mat,Material,Soft From Unassigned Package? Best Guess: /SW_NukeTown/SW_NukeTown_MapModData->/SW_NukeTown/Maps/SW_Nuketown->/SW_NukeTown/Assets/ImpBuilding/Decorations/CombinedArmory->/SW_NukeTown/Assets/ImpBuilding/Decorations/RACKARM_M_ARMOIR_BaseColor_Mat,134583,None
0,/SW_NukeTown/Assets/ImpBuilding/Decorations/RACKARM_M_BASE_BaseColor,Texture2D,Soft From Unassigned Package? Best Guess: /SW_NukeTown/SW_NukeTown_MapModData->/SW_NukeTown/Maps/SW_Nuketown->/SW_NukeTown/Assets/ImpBuilding/Decorations/CombinedArmory->/SW_NukeTown/Assets/ImpBuilding/Decorations/RACKARM_M_BASE_BaseColor_Mat->/SW_NukeTown/Assets/ImpBuilding/Decorations/RACKARM_M_BASE_BaseColor,2797611,None
0,/SW_NukeTown/Assets/ImpBuilding/Decorations/RACKARM_M_BASE_BaseColor_Mat,Material,Soft From Unassigned Package? Best Guess: /SW_NukeTown/SW_NukeTown_MapModData->/SW_NukeTown/Maps/SW_Nuketown->/SW_NukeTown/Assets/ImpBuilding/Decorations/CombinedArmory->/SW_NukeTown/Assets/ImpBuilding/Decorations/RACKARM_M_BASE_BaseColor_Mat,134575,None
0,/SW_NukeTown/Assets/ImpBuilding/Decorations/RACKARM_M_LUM_Emissive,Texture2D,Soft From Unassigned Package? Best Guess: /SW_NukeTown/Assets/ImpBuilding/Decorations/RACKARM_M_LUM_Emissive,2797607,None
0,/SW_NukeTown/Assets/ImpBuilding/Decorations/RACKARM_M_SOCLE_BaseColor,Texture2D,Soft From Unassigned Package? Best Guess: /SW_NukeTown/SW_NukeTown_MapModData->/SW_NukeTown/Maps/SW_Nuketown->/SW_NukeTown/Assets/ImpBuilding/Decorations/CombinedArmory->/SW_NukeTown/Assets/ImpBuilding/Decorations/RACKARM_M_SOCLE_BaseColor_Mat->/SW_NukeTown/Assets/ImpBuilding/Decorations/RACKARM_M_SOCLE_BaseColor,2797613,None
0,/SW_NukeTown/Assets/ImpBuilding/Decorations/RACKARM_M_SOCLE_BaseColor_Mat,Material,Soft From Unassigned Package? Best Guess: /SW_NukeTown/SW_NukeTown_MapModData->/SW_NukeTown/Maps/SW_Nuketown->/SW_NukeTown/Assets/ImpBuilding/Decorations/CombinedArmory->/SW_NukeTown/Assets/ImpBuilding/Decorations/RACKARM_M_SOCLE_BaseColor_Mat,134579,None
0,/SW_NukeTown/Assets/ImpBuilding/Decorations/RACKARM_M_SUPPORT_BaseColor,Texture2D,Soft From Unassigned Package? Best Guess: /SW_NukeTown/SW_NukeTown_MapModData->/SW_NukeTown/Maps/SW_Nuketown->/SW_NukeTown/Assets/ImpBuilding/Decorations/CombinedArmory->/SW_NukeTown/Assets/ImpBuilding/Decorations/RACKARM_M_SUPPORT_BaseColor_Mat->/SW_NukeTown/Assets/ImpBuilding/Decorations/RACKARM_M_SUPPORT_BaseColor,2797617,None
0,/SW_NukeTown/Assets/ImpBuilding/Decorations/RACKARM_M_SUPPORT_BaseColor_Mat,Material,Soft From Unassigned Package? Best Guess: /SW_NukeTown/SW_NukeTown_MapModData->/SW_NukeTown/Maps/SW_Nuketown->/SW_NukeTown/Assets/ImpBuilding/Decorations/CombinedArmory->/SW_NukeTown/Assets/ImpBuilding/Decorations/RACKARM_M_SUPPORT_BaseColor_Mat,134587,None
0,/SW_NukeTown/Assets/ImpBuilding/Decorations/TechnoCorridor,StaticMesh,Soft From Unassigned Package? Best Guess: /SW_NukeTown/Assets/ImpBuilding/Decorations/TechnoCorridor,989418,None
0,/SW_NukeTown/Assets/ImpBuilding/Decorations/WallConduit,StaticMesh,Soft From Unassigned Package? Best Guess: /SW_NukeTown/SW_NukeTown_MapModData->/SW_NukeTown/Maps/SW_Nuketown->/SW_NukeTown/Assets/ImpBuilding/Decorations/WallConduit,515764,None
0,/SW_NukeTown/Assets/ImpBuilding/Decorations/WallPanel,StaticMesh,Soft From Unassigned Package? Best Guess: /SW_NukeTown/Assets/ImpBuilding/Decorations/WallPanel,2336383,None
0,/SW_NukeTown/Assets/ImpBuilding/Decorations/White,Material,Soft From Unassigned Package? Best Guess: /SW_NukeTown/SW_NukeTown_MapModData->/SW_NukeTown/Maps/SW_Nuketown->/SW_NukeTown/Assets/ImpBuilding/Decorations/White,75781,None
0,/SW_NukeTown/Assets/ImpBuilding/GenericImperialMetal,Texture2D,Soft From Unassigned Package? Best Guess: /SW_NukeTown/Assets/ImpBuilding/GenericImperialMetal_Mat->/SW_NukeTown/Assets/ImpBuilding/GenericImperialMetal,1727650,None
0,/SW_NukeTown/Assets/ImpBuilding/GenericImperialMetal_Mat,Material,Soft From Unassigned Package? Best Guess: /SW_NukeTown/Assets/ImpBuilding/GenericImperialMetal_Mat,134165,None
0,/SW_NukeTown/Assets/ImpBuilding/ImpBackStairsTopRed_001,Material,Soft From Unassigned Package? Best Guess: /SW_NukeTown/SW_NukeTown_MapModData->/SW_NukeTown/Maps/SW_Nuketown->/SW_NukeTown/Assets/ImpBuilding/ImpHouseBackStairs->/SW_NukeTown/Assets/ImpBuilding/ImpBackStairsTopRed_001,133779,None
0,/SW_NukeTown/Assets/ImpBuilding/ImpBuildingMetalTexture,Texture2D,Soft From Unassigned Package? Best Guess: /SW_NukeTown/SW_NukeTown_MapModData->/SW_NukeTown/Maps/SW_Nuketown->/SW_NukeTown/Assets/ImpBuilding/ImpBuildingMetalTexture_Mat->/SW_NukeTown/Assets/ImpBuilding/ImpBuildingMetalTexture,5071060,None
0,/SW_NukeTown/Assets/ImpBuilding/ImpBuildingMetalTexture_Mat,Material,Soft From Unassigned Package? Best Guess: /SW_NukeTown/SW_NukeTown_MapModData->/SW_NukeTown/Maps/SW_Nuketown->/SW_NukeTown/Assets/ImpBuilding/ImpBuildingMetalTexture_Mat,144114,None
0,/SW_NukeTown/Assets/ImpBuilding/ImpBuildingMetalTexture_ncl1_1,Texture2D,Soft From Unassigned Package? Best Guess: /SW_NukeTown/Assets/ImpBuilding/ImpBuildingMetalTexture_ncl1_1,5071070,None
0,/SW_NukeTown/Assets/ImpBuilding/ImpDoorFrame,StaticMesh,Soft From Unassigned Package? Best Guess: /SW_NukeTown/SW_NukeTown_MapModData->/SW_NukeTown/Maps/SW_Nuketown->/SW_NukeTown/Assets/ImpBuilding/ImpDoorFrame,6142670,None
0,/SW_NukeTown/Assets/ImpBuilding/ImpGarage,StaticMesh,Soft From Unassigned Package? Best Guess: /SW_NukeTown/SW_NukeTown_MapModData->/SW_NukeTown/Maps/SW_Nuketown->/SW_NukeTown/Assets/ImpBuilding/ImpGarage,32171,None
0,/SW_NukeTown/Assets/ImpBuilding/ImpGarageBlastDoor,StaticMesh,Soft From Unassigned Package? Best Guess: /SW_NukeTown/SW_NukeTown_MapModData->/SW_NukeTown/Maps/SW_Nuketown->/SW_NukeTown/Assets/ImpBuilding/ImpGarageBlastDoor,2684625,None
0,/SW_NukeTown/Assets/ImpBuilding/ImpGarageRoof,StaticMesh,Soft From Unassigned Package? Best Guess: /SW_NukeTown/SW_NukeTown_MapModData->/SW_NukeTown/Maps/SW_Nuketown->/SW_NukeTown/Assets/ImpBuilding/ImpGarageRoof,17717,None
0,/SW_NukeTown/Assets/ImpBuilding/ImpGarageSidePanel,StaticMesh,Soft From Unassigned Package? Best Guess: /SW_NukeTown/SW_NukeTown_MapModData->/SW_NukeTown/Maps/SW_Nuketown->/SW_NukeTown/Assets/ImpBuilding/ImpGarageSidePanel,24833,None
0,/SW_NukeTown/Assets/ImpBuilding/ImpHouse,StaticMesh,Soft From Unassigned Package? Best Guess: /SW_NukeTown/SW_NukeTown_MapModData->/SW_NukeTown/Maps/SW_Nuketown->/SW_NukeTown/Assets/ImpBuilding/ImpHouse,70510,None
0,/SW_NukeTown/Assets/ImpBuilding/ImpHouseBackStairs,StaticMesh,Soft From Unassigned Package? Best Guess: /SW_NukeTown/SW_NukeTown_MapModData->/SW_NukeTown/Maps/SW_Nuketown->/SW_NukeTown/Assets/ImpBuilding/ImpHouseBackStairs,22057687,None
0,/SW_NukeTown/Assets/ImpBuilding/ImpHouseDownstairsSeparator,StaticMesh,Soft From Unassigned Package? Best Guess: /SW_NukeTown/SW_NukeTown_MapModData->/SW_NukeTown/Maps/SW_Nuketown->/SW_NukeTown/Assets/ImpBuilding/ImpHouseDownstairsSeparator,16587,None
0,/SW_NukeTown/Assets/ImpBuilding/ImpHouseFrontStandThing,StaticMesh,Soft From Unassigned Package? Best Guess: /SW_NukeTown/SW_NukeTown_MapModData->/SW_NukeTown/Maps/SW_Nuketown->/SW_NukeTown/Assets/ImpBuilding/ImpHouseFrontStandThing,124887,None
0,/SW_NukeTown/Assets/ImpBuilding/ImpHouseGarageRoofBig,StaticMesh,Soft From Unassigned Package? Best Guess: /SW_NukeTown/SW_NukeTown_MapModData->/SW_NukeTown/Maps/SW_Nuketown->/SW_NukeTown/Assets/ImpBuilding/ImpHouseGarageRoofBig,9042,None
0,/SW_NukeTown/Assets/ImpBuilding/ImpHouseGarageSidePillar,StaticMesh,Soft From Unassigned Package? Best Guess: /SW_NukeTown/SW_NukeTown_MapModData->/SW_NukeTown/Maps/SW_Nuketown->/SW_NukeTown/Assets/ImpBuilding/ImpHouseGarageSidePillar,9276,None
0,/SW_NukeTown/Assets/ImpBuilding/ImpHouseGarageSmallRoof,StaticMesh,Soft From Unassigned Package? Best Guess: /SW_NukeTown/SW_NukeTown_MapModData->/SW_NukeTown/Maps/SW_Nuketown->/SW_NukeTown/Assets/ImpBuilding/ImpHouseGarageSmallRoof,9054,None
0,/SW_NukeTown/Assets/ImpBuilding/ImpHouseMainMiddleFloor,StaticMesh,Soft From Unassigned Package? Best Guess: /SW_NukeTown/SW_NukeTown_MapModData->/SW_NukeTown/Maps/SW_Nuketown->/SW_NukeTown/Assets/ImpBuilding/ImpHouseMainMiddleFloor,18128,None
0,/SW_NukeTown/Assets/ImpBuilding/ImpHouseMainRoofBig,StaticMesh,Soft From Unassigned Package? Best Guess: /SW_NukeTown/SW_NukeTown_MapModData->/SW_NukeTown/Maps/SW_Nuketown->/SW_NukeTown/Assets/ImpBuilding/ImpHouseMainRoofBig,14838,None
0,/SW_NukeTown/Assets/ImpBuilding/ImpHouseMainSubRoofBack,StaticMesh,Soft From Unassigned Package? Best Guess: /SW_NukeTown/SW_NukeTown_MapModData->/SW_NukeTown/Maps/SW_Nuketown->/SW_NukeTown/Assets/ImpBuilding/ImpHouseMainSubRoofBack,59249,None
0,/SW_NukeTown/Assets/ImpBuilding/ImpHouseMainSubRoofFront,StaticMesh,Soft From Unassigned Package? Best Guess: /SW_NukeTown/SW_NukeTown_MapModData->/SW_NukeTown/Maps/SW_Nuketown->/SW_NukeTown/Assets/ImpBuilding/ImpHouseMainSubRoofFront,24929,None
0,/SW_NukeTown/Assets/ImpBuilding/ImpHouseUpstairsSeparator,StaticMesh,Soft From Unassigned Package? Best Guess: /SW_NukeTown/SW_NukeTown_MapModData->/SW_NukeTown/Maps/SW_Nuketown->/SW_NukeTown/Assets/ImpBuilding/ImpHouseUpstairsSeparator,14087,None
0,/SW_NukeTown/Assets/ImpBuilding/ImpStairsTopBackBlue_001,Material,Soft From Unassigned Package? Best Guess: /SW_NukeTown/SW_NukeTown_MapModData->/SW_NukeTown/Maps/SW_Nuketown->/SW_NukeTown/Assets/ImpBuilding/ImpHouseBackStairs->/SW_NukeTown/Assets/ImpBuilding/ImpStairsTopBackBlue_001,133781,None
0,/SW_NukeTown/Assets/ImpBuilding/ScratchedMetal_Diff,Texture2D,Soft From Unassigned Package? Best Guess: /SW_NukeTown/Assets/ImpBuilding/ScratchedMetal_Diff,176077,None
0,/SW_NukeTown/Assets/ImpBuilding/Ships/black_vents,Material,Soft From Unassigned Package? Best Guess: /SW_NukeTown/Assets/ImpBuilding/Ships/uploads_files_2188914_imperial_shuttle_ver1_Skeleton->/SW_NukeTown/Assets/ImpBuilding/Ships/uploads_files_2188914_imperial_shuttle_ver1->/SW_NukeTown/Assets/ImpBuilding/Ships/black_vents,147083,None
0,/SW_NukeTown/Assets/ImpBuilding/Ships/cannon_base,Material,Soft From Unassigned Package? Best Guess: /SW_NukeTown/Assets/ImpBuilding/Ships/uploads_files_2188914_imperial_shuttle_ver1_Skeleton->/SW_NukeTown/Assets/ImpBuilding/Ships/uploads_files_2188914_imperial_shuttle_ver1->/SW_NukeTown/Assets/ImpBuilding/Ships/cannon_base,147083,None
0,/SW_NukeTown/Assets/ImpBuilding/Ships/canon_base_texture,Texture2D,Soft From Unassigned Package? Best Guess: /SW_NukeTown/SW_NukeTown_MapModData->/SW_NukeTown/Maps/SW_Nuketown->/SW_NukeTown/Assets/ImpBuilding/Ships/ImpWingsUp2->/SW_NukeTown/Assets/ImpBuilding/Ships/canon_base_texture_Mat->/SW_NukeTown/Assets/ImpBuilding/Ships/canon_base_texture,181048,None
0,/SW_NukeTown/Assets/ImpBuilding/Ships/canon_base_texture_Mat,Material,Soft From Unassigned Package? Best Guess: /SW_NukeTown/SW_NukeTown_MapModData->/SW_NukeTown/Maps/SW_Nuketown->/SW_NukeTown/Assets/ImpBuilding/Ships/ImpWingsUp2->/SW_NukeTown/Assets/ImpBuilding/Ships/canon_base_texture_Mat,134169,None
0,/SW_NukeTown/Assets/ImpBuilding/Ships/canon_shield,Material,Soft From Unassigned Package? Best Guess: /SW_NukeTown/Assets/ImpBuilding/Ships/uploads_files_2188914_imperial_shuttle_ver1_Skeleton->/SW_NukeTown/Assets/ImpBuilding/Ships/uploads_files_2188914_imperial_shuttle_ver1->/SW_NukeTown/Assets/ImpBuilding/Ships/canon_shield,147085,None
0,/SW_NukeTown/Assets/ImpBuilding/Ships/canon_shield_texture,Texture2D,Soft From Unassigned Package? Best Guess: /SW_NukeTown/SW_NukeTown_MapModData->/SW_NukeTown/Maps/SW_Nuketown->/SW_NukeTown/Assets/ImpBuilding/Ships/ImpWingsUp2->/SW_NukeTown/Assets/ImpBuilding/Ships/canon_shield_texture_Mat->/SW_NukeTown/Assets/ImpBuilding/Ships/canon_shield_texture,321052,None
0,/SW_NukeTown/Assets/ImpBuilding/Ships/canon_shield_texture_Mat,Material,Soft From Unassigned Package? Best Guess: /SW_NukeTown/SW_NukeTown_MapModData->/SW_NukeTown/Maps/SW_Nuketown->/SW_NukeTown/Assets/ImpBuilding/Ships/ImpWingsUp2->/SW_NukeTown/Assets/ImpBuilding/Ships/canon_shield_texture_Mat,134177,None
0,/SW_NukeTown/Assets/ImpBuilding/Ships/checker,Texture2D,Soft From Unassigned Package? Best Guess: /SW_NukeTown/Assets/ImpBuilding/Ships/checker,46026,None
0,/SW_NukeTown/Assets/ImpBuilding/Ships/cockpit,Material,Soft From Unassigned Package? Best Guess: /SW_NukeTown/Assets/ImpBuilding/Ships/uploads_files_2188914_imperial_shuttle_ver1_Skeleton->/SW_NukeTown/Assets/ImpBuilding/Ships/uploads_files_2188914_imperial_shuttle_ver1->/SW_NukeTown/Assets/ImpBuilding/Ships/cockpit,147075,None
0,/SW_NukeTown/Assets/ImpBuilding/Ships/cockpit_glass,Material,Soft From Unassigned Package? Best Guess: /SW_NukeTown/Assets/ImpBuilding/Ships/uploads_files_2188914_imperial_shuttle_ver1_Skeleton->/SW_NukeTown/Assets/ImpBuilding/Ships/uploads_files_2188914_imperial_shuttle_ver1->/SW_NukeTown/Assets/ImpBuilding/Ships/cockpit_glass,147087,None
0,/SW_NukeTown/Assets/ImpBuilding/Ships/cockpit_texture,Texture2D,Soft From Unassigned Package? Best Guess: /SW_NukeTown/SW_NukeTown_MapModData->/SW_NukeTown/Maps/SW_Nuketown->/SW_NukeTown/Assets/ImpBuilding/Ships/ImpWingsUp2->/SW_NukeTown/Assets/ImpBuilding/Ships/cockpit_texture_Mat->/SW_NukeTown/Assets/ImpBuilding/Ships/cockpit_texture,700399,None
0,/SW_NukeTown/Assets/ImpBuilding/Ships/cockpit_texture_Mat,Material,Soft From Unassigned Package? Best Guess: /SW_NukeTown/SW_NukeTown_MapModData->/SW_NukeTown/Maps/SW_Nuketown->/SW_NukeTown/Assets/ImpBuilding/Ships/ImpWingsUp2->/SW_NukeTown/Assets/ImpBuilding/Ships/cockpit_texture_Mat,134527,None
0,/SW_NukeTown/Assets/ImpBuilding/Ships/cockpit_walkway,Material,Soft From Unassigned Package? Best Guess: /SW_NukeTown/Assets/ImpBuilding/Ships/uploads_files_2188914_imperial_shuttle_ver1_Skeleton->/SW_NukeTown/Assets/ImpBuilding/Ships/uploads_files_2188914_imperial_shuttle_ver1->/SW_NukeTown/Assets/ImpBuilding/Ships/cockpit_walkway,147091,None
0,/SW_NukeTown/Assets/ImpBuilding/Ships/dark_grey,Material,Soft From Unassigned Package? Best Guess: /SW_NukeTown/Assets/ImpBuilding/Ships/uploads_files_2188914_imperial_shuttle_ver1_Skeleton->/SW_NukeTown/Assets/ImpBuilding/Ships/uploads_files_2188914_imperial_shuttle_ver1->/SW_NukeTown/Assets/ImpBuilding/Ships/dark_grey,147079,None
0,/SW_NukeTown/Assets/ImpBuilding/Ships/engine,Material,Soft From Unassigned Package? Best Guess: /SW_NukeTown/Assets/ImpBuilding/Ships/uploads_files_2188914_imperial_shuttle_ver1_Skeleton->/SW_NukeTown/Assets/ImpBuilding/Ships/uploads_files_2188914_imperial_shuttle_ver1->/SW_NukeTown/Assets/ImpBuilding/Ships/engine,147073,None
0,/SW_NukeTown/Assets/ImpBuilding/Ships/engine_glow_ss,Material,Soft From Unassigned Package? Best Guess: /SW_NukeTown/Assets/ImpBuilding/Ships/uploads_files_2188914_imperial_shuttle_ver1_Skeleton->/SW_NukeTown/Assets/ImpBuilding/Ships/uploads_files_2188914_imperial_shuttle_ver1->/SW_NukeTown/Assets/ImpBuilding/Ships/engine_glow_ss,147089,None
0,/SW_NukeTown/Assets/ImpBuilding/Ships/engine_texture,Texture2D,Soft From Unassigned Package? Best Guess: /SW_NukeTown/SW_NukeTown_MapModData->/SW_NukeTown/Maps/SW_Nuketown->/SW_NukeTown/Assets/ImpBuilding/Ships/ImpWingsUp2->/SW_NukeTown/Assets/ImpBuilding/Ships/engine_texture_Mat->/SW_NukeTown/Assets/ImpBuilding/Ships/engine_texture,700397,None
0,/SW_NukeTown/Assets/ImpBuilding/Ships/engine_texture_Mat,Material,Soft From Unassigned Package? Best Guess: /SW_NukeTown/SW_NukeTown_MapModData->/SW_NukeTown/Maps/SW_Nuketown->/SW_NukeTown/Assets/ImpBuilding/Ships/ImpWingsUp2->/SW_NukeTown/Assets/ImpBuilding/Ships/engine_texture_Mat,134523,None
0,/SW_NukeTown/Assets/ImpBuilding/Ships/generic,Texture2D,Soft From Unassigned Package? Best Guess: /SW_NukeTown/SW_NukeTown_MapModData->/SW_NukeTown/Maps/SW_Nuketown->/SW_NukeTown/Assets/ImpBuilding/Ships/ImpWingsUp2->/SW_NukeTown/Assets/ImpBuilding/Ships/generic_Mat->/SW_NukeTown/Assets/ImpBuilding/Ships/generic,1727630,None
0,/SW_NukeTown/Assets/ImpBuilding/Ships/generic_Mat,Material,Soft From Unassigned Package? Best Guess: /SW_NukeTown/SW_NukeTown_MapModData->/SW_NukeTown/Maps/SW_Nuketown->/SW_NukeTown/Assets/ImpBuilding/Ships/ImpWingsUp2->/SW_NukeTown/Assets/ImpBuilding/Ships/generic_Mat,134125,None
0,/SW_NukeTown/Assets/ImpBuilding/Ships/grey,Material,Soft From Unassigned Package? Best Guess: /SW_NukeTown/Assets/ImpBuilding/Ships/uploads_files_2188914_imperial_shuttle_ver1_Skeleton->/SW_NukeTown/Assets/ImpBuilding/Ships/uploads_files_2188914_imperial_shuttle_ver1->/SW_NukeTown/Assets/ImpBuilding/Ships/grey,147069,None
0,/SW_NukeTown/Assets/ImpBuilding/Ships/grey_no_map,Material,Soft From Unassigned Package? Best Guess: /SW_NukeTown/Assets/ImpBuilding/Ships/uploads_files_2188914_imperial_shuttle_ver1_Skeleton->/SW_NukeTown/Assets/ImpBuilding/Ships/uploads_files_2188914_imperial_shuttle_ver1->/SW_NukeTown/Assets/ImpBuilding/Ships/grey_no_map,147083,None
0,/SW_NukeTown/Assets/ImpBuilding/Ships/grey_no_map_ncl1_1,Material,Soft From Unassigned Package? Best Guess: /SW_NukeTown/SW_NukeTown_MapModData->/SW_NukeTown/Maps/SW_Nuketown->/SW_NukeTown/Assets/ImpBuilding/Ships/ImpWingsUp2->/SW_NukeTown/Assets/ImpBuilding/Ships/grey_no_map_ncl1_1,205387,None
0,/SW_NukeTown/Assets/ImpBuilding/Ships/ImpWingsup,StaticMesh,Soft From Unassigned Package? Best Guess: /SW_NukeTown/Assets/ImpBuilding/Ships/ImpWingsup,40827905,None
0,/SW_NukeTown/Assets/ImpBuilding/Ships/ImpWingsUp2,StaticMesh,Soft From Unassigned Package? Best Guess: /SW_NukeTown/SW_NukeTown_MapModData->/SW_NukeTown/Maps/SW_Nuketown->/SW_NukeTown/Assets/ImpBuilding/Ships/ImpWingsUp2,40830719,None
0,/SW_NukeTown/Assets/ImpBuilding/Ships/main_body_front_panel,Material,Soft From Unassigned Package? Best Guess: /SW_NukeTown/Assets/ImpBuilding/Ships/uploads_files_2188914_imperial_shuttle_ver1_Skeleton->/SW_NukeTown/Assets/ImpBuilding/Ships/uploads_files_2188914_imperial_shuttle_ver1->/SW_NukeTown/Assets/ImpBuilding/Ships/main_body_front_panel,147103,None
0,/SW_NukeTown/Assets/ImpBuilding/Ships/Main_Body_Texture,Material,Soft From Unassigned Package? Best Guess: /SW_NukeTown/Assets/ImpBuilding/Ships/uploads_files_2188914_imperial_shuttle_ver1_Skeleton->/SW_NukeTown/Assets/ImpBuilding/Ships/uploads_files_2188914_imperial_shuttle_ver1->/SW_NukeTown/Assets/ImpBuilding/Ships/Main_Body_Texture,147095,None
0,/SW_NukeTown/Assets/ImpBuilding/Ships/main_body_wing_holder,Material,Soft From Unassigned Package? Best Guess: /SW_NukeTown/Assets/ImpBuilding/Ships/uploads_files_2188914_imperial_shuttle_ver1_Skeleton->/SW_NukeTown/Assets/ImpBuilding/Ships/uploads_files_2188914_imperial_shuttle_ver1->/SW_NukeTown/Assets/ImpBuilding/Ships/main_body_wing_holder,147103,None
0,/SW_NukeTown/Assets/ImpBuilding/Ships/main_body_wing_holder_texture,Texture2D,Soft From Unassigned Package? Best Guess: /SW_NukeTown/SW_NukeTown_MapModData->/SW_NukeTown/Maps/SW_Nuketown->/SW_NukeTown/Assets/ImpBuilding/Ships/ImpWingsUp2->/SW_NukeTown/Assets/ImpBuilding/Ships/main_body_wing_holder_texture_Mat->/SW_NukeTown/Assets/ImpBuilding/Ships/main_body_wing_holder_texture,700427,None
0,/SW_NukeTown/Assets/ImpBuilding/Ships/main_body_wing_holder_texture_Mat,Material,Soft From Unassigned Package? Best Guess: /SW_NukeTown/SW_NukeTown_MapModData->/SW_NukeTown/Maps/SW_Nuketown->/SW_NukeTown/Assets/ImpBuilding/Ships/ImpWingsUp2->/SW_NukeTown/Assets/ImpBuilding/Ships/main_body_wing_holder_texture_Mat,134583,None
0,/SW_NukeTown/Assets/ImpBuilding/Ships/uploads_files_2188914_imperial_shuttle_ver1,SkeletalMesh,Soft From Unassigned Package? Best Guess: /SW_NukeTown/Assets/ImpBuilding/Ships/uploads_files_2188914_imperial_shuttle_ver1_Skeleton->/SW_NukeTown/Assets/ImpBuilding/Ships/uploads_files_2188914_imperial_shuttle_ver1,20526167,None
0,/SW_NukeTown/Assets/ImpBuilding/Ships/uploads_files_2188914_imperial_shuttle_ver1_PhysicsAsset,PhysicsAsset,Soft From Unassigned Package? Best Guess: /SW_NukeTown/Assets/ImpBuilding/Ships/uploads_files_2188914_imperial_shuttle_ver1_Skeleton->/SW_NukeTown/Assets/ImpBuilding/Ships/uploads_files_2188914_imperial_shuttle_ver1->/SW_NukeTown/Assets/ImpBuilding/Ships/uploads_files_2188914_imperial_shuttle_ver1_PhysicsAsset,135601,None
0,/SW_NukeTown/Assets/ImpBuilding/Ships/uploads_files_2188914_imperial_shuttle_ver1_Skeleton,Skeleton,Soft From Unassigned Package? Best Guess: /SW_NukeTown/Assets/ImpBuilding/Ships/uploads_files_2188914_imperial_shuttle_ver1_PhysicsAsset->/SW_NukeTown/Assets/ImpBuilding/Ships/uploads_files_2188914_imperial_shuttle_ver1->/SW_NukeTown/Assets/ImpBuilding/Ships/uploads_files_2188914_imperial_shuttle_ver1_Skeleton,14260,None
0,/SW_NukeTown/Assets/ImpBuilding/Ships/upper_wing,Material,Soft From Unassigned Package? Best Guess: /SW_NukeTown/Assets/ImpBuilding/Ships/uploads_files_2188914_imperial_shuttle_ver1_Skeleton->/SW_NukeTown/Assets/ImpBuilding/Ships/uploads_files_2188914_imperial_shuttle_ver1->/SW_NukeTown/Assets/ImpBuilding/Ships/upper_wing,147081,None
0,/SW_NukeTown/Assets/ImpBuilding/Ships/upper_wing_holder,Material,Soft From Unassigned Package? Best Guess: /SW_NukeTown/Assets/ImpBuilding/Ships/uploads_files_2188914_imperial_shuttle_ver1_Skeleton->/SW_NukeTown/Assets/ImpBuilding/Ships/uploads_files_2188914_imperial_shuttle_ver1->/SW_NukeTown/Assets/ImpBuilding/Ships/upper_wing_holder,147095,None
0,/SW_NukeTown/Assets/ImpBuilding/Ships/upper_wing_holder_texture,Texture2D,Soft From Unassigned Package? Best Guess: /SW_NukeTown/SW_NukeTown_MapModData->/SW_NukeTown/Maps/SW_Nuketown->/SW_NukeTown/Assets/ImpBuilding/Ships/ImpWingsUp2->/SW_NukeTown/Assets/ImpBuilding/Ships/upper_wing_holder_texture_Mat->/SW_NukeTown/Assets/ImpBuilding/Ships/upper_wing_holder_texture,700419,None
0,/SW_NukeTown/Assets/ImpBuilding/Ships/upper_wing_holder_texture_Mat,Material,Soft From Unassigned Package? Best Guess: /SW_NukeTown/SW_NukeTown_MapModData->/SW_NukeTown/Maps/SW_Nuketown->/SW_NukeTown/Assets/ImpBuilding/Ships/ImpWingsUp2->/SW_NukeTown/Assets/ImpBuilding/Ships/upper_wing_holder_texture_Mat,134567,None
0,/SW_NukeTown/Assets/ImpBuilding/Ships/upper_wing_texture,Texture2D,Soft From Unassigned Package? Best Guess: /SW_NukeTown/SW_NukeTown_MapModData->/SW_NukeTown/Maps/SW_Nuketown->/SW_NukeTown/Assets/ImpBuilding/Ships/ImpWingsUp2->/SW_NukeTown/Assets/ImpBuilding/Ships/upper_wing_texture_Mat->/SW_NukeTown/Assets/ImpBuilding/Ships/upper_wing_texture,700405,None
0,/SW_NukeTown/Assets/ImpBuilding/Ships/upper_wing_texture_Mat,Material,Soft From Unassigned Package? Best Guess: /SW_NukeTown/SW_NukeTown_MapModData->/SW_NukeTown/Maps/SW_Nuketown->/SW_NukeTown/Assets/ImpBuilding/Ships/ImpWingsUp2->/SW_NukeTown/Assets/ImpBuilding/Ships/upper_wing_texture_Mat,134539,None
0,/SW_NukeTown/Assets/ImpBuilding/Ships/wing,Material,Soft From Unassigned Package? Best Guess: /SW_NukeTown/Assets/ImpBuilding/Ships/uploads_files_2188914_imperial_shuttle_ver1_Skeleton->/SW_NukeTown/Assets/ImpBuilding/Ships/uploads_files_2188914_imperial_shuttle_ver1->/SW_NukeTown/Assets/ImpBuilding/Ships/wing,147069,None
0,/SW_NukeTown/Assets/ImpBuilding/Ships/wing_texture,Texture2D,Soft From Unassigned Package? Best Guess: /SW_NukeTown/SW_NukeTown_MapModData->/SW_NukeTown/Maps/SW_Nuketown->/SW_NukeTown/Assets/ImpBuilding/Ships/ImpWingsUp2->/SW_NukeTown/Assets/ImpBuilding/Ships/wing_texture_Mat->/SW_NukeTown/Assets/ImpBuilding/Ships/wing_texture,700393,None
0,/SW_NukeTown/Assets/ImpBuilding/Ships/wing_texture_Mat,Material,Soft From Unassigned Package? Best Guess: /SW_NukeTown/SW_NukeTown_MapModData->/SW_NukeTown/Maps/SW_Nuketown->/SW_NukeTown/Assets/ImpBuilding/Ships/ImpWingsUp2->/SW_NukeTown/Assets/ImpBuilding/Ships/wing_texture_Mat,134515,None
0,/SW_NukeTown/Assets/Perimeter/asphalt_02_diff_2k,Texture2D,Soft From Unassigned Package? Best Guess: /SW_NukeTown/SW_NukeTown_MapModData->/SW_NukeTown/Maps/SW_Nuketown->/SW_NukeTown/Assets/Perimeter/asphalt_02_diff_2k_Mat->/SW_NukeTown/Assets/Perimeter/asphalt_02_diff_2k,2797585,None
0,/SW_NukeTown/Assets/Perimeter/asphalt_02_diff_2k_Mat,Material,Soft From Unassigned Package? Best Guess: /SW_NukeTown/SW_NukeTown_MapModData->/SW_NukeTown/Maps/SW_Nuketown->/SW_NukeTown/Assets/Perimeter/asphalt_02_diff_2k_Mat,134523,None
0,/SW_NukeTown/Assets/Perimeter/Buildings/3RdBillingOverhang,StaticMesh,Soft From Unassigned Package? Best Guess: /SW_NukeTown/SW_NukeTown_MapModData->/SW_NukeTown/Maps/SW_Nuketown->/SW_NukeTown/Assets/Perimeter/Buildings/3RdBillingOverhang,210971,None
0,/SW_NukeTown/Assets/Perimeter/Buildings/M_Boite_bouton,Material,Soft From Unassigned Package? Best Guess: /SW_NukeTown/Assets/Perimeter/Buildings/M_Boite_bouton,75795,None
0,/SW_NukeTown/Assets/Perimeter/Buildings/M_container_Cylindrique,Material,Soft From Unassigned Package? Best Guess: /SW_NukeTown/Assets/Perimeter/Buildings/M_container_Cylindrique,75813,None
0,/SW_NukeTown/Assets/Perimeter/Buildings/M_Door,Material,Soft From Unassigned Package? Best Guess: /SW_NukeTown/Assets/Perimeter/Buildings/M_Door,75779,None
0,/SW_NukeTown/Assets/Perimeter/Buildings/M_Door_Mos_Mairie,Material,Soft From Unassigned Package? Best Guess: /SW_NukeTown/Assets/Perimeter/Buildings/SM_Mos_Espa_Mairie_closed->/SW_NukeTown/Assets/Perimeter/Buildings/M_Door_Mos_Mairie,75801,None
0,/SW_NukeTown/Assets/Perimeter/Buildings/M_Grille_Ventil,Material,Soft From Unassigned Package? Best Guess: /SW_NukeTown/Assets/Perimeter/Buildings/M_Grille_Ventil,75797,None
0,/SW_NukeTown/Assets/Perimeter/Buildings/M_Metal_Antenne,Material,Soft From Unassigned Package? Best Guess: /SW_NukeTown/Assets/Perimeter/Buildings/SM_Mos_Espa_Mairie_closed->/SW_NukeTown/Assets/Perimeter/Buildings/M_Metal_Antenne,75797,None
0,/SW_NukeTown/Assets/Perimeter/Buildings/M_Moss_Espa_Wall_Inst,Material,Soft From Unassigned Package? Best Guess: /SW_NukeTown/Assets/Perimeter/Buildings/SM_Mos_Espa_Mairie_closed->/SW_NukeTown/Assets/Perimeter/Buildings/M_Moss_Espa_Wall_Inst,75809,None
0,/SW_NukeTown/Assets/Perimeter/Buildings/M_pillard_Cracked,Material,Soft From Unassigned Package? Best Guess: /SW_NukeTown/Assets/Perimeter/Buildings/M_pillard_Cracked,75801,None
0,/SW_NukeTown/Assets/Perimeter/Buildings/M_wall_Bat,Material,Soft From Unassigned Package? Best Guess: /SW_NukeTown/Assets/Perimeter/Buildings/M_wall_Bat,75787,None
0,/SW_NukeTown/Assets/Perimeter/Buildings/MI_color_basic,Material,Soft From Unassigned Package? Best Guess: /SW_NukeTown/Assets/Perimeter/Buildings/SM_Mos_Espa_Mairie_closed->/SW_NukeTown/Assets/Perimeter/Buildings/MI_color_basic,75795,None
0,/SW_NukeTown/Assets/Perimeter/Buildings/MI_Floor,Material,Soft From Unassigned Package? Best Guess: /SW_NukeTown/Assets/Perimeter/Buildings/SM_Mos_Espa_Mairie_closed->/SW_NukeTown/Assets/Perimeter/Buildings/MI_Floor,75783,None
0,/SW_NukeTown/Assets/Perimeter/Buildings/MI_Mos_Wall_1,Material,Soft From Unassigned Package? Best Guess: /SW_NukeTown/Assets/Perimeter/Buildings/SM_Mos_Espa_Mairie_closed->/SW_NukeTown/Assets/Perimeter/Buildings/MI_Mos_Wall_1,75789,None
0,/SW_NukeTown/Assets/Perimeter/Buildings/MI_Mos_Wall_2,Material,Soft From Unassigned Package? Best Guess: /SW_NukeTown/Assets/Perimeter/Buildings/SM_Mos_Espa_Mairie_closed->/SW_NukeTown/Assets/Perimeter/Buildings/MI_Mos_Wall_2,75789,None
0,/SW_NukeTown/Assets/Perimeter/Buildings/MI_stair,Material,Soft From Unassigned Package? Best Guess: /SW_NukeTown/Assets/Perimeter/Buildings/SM_Mos_Espa_Mairie_closed->/SW_NukeTown/Assets/Perimeter/Buildings/MI_stair,75783,None
0,/SW_NukeTown/Assets/Perimeter/Buildings/MosEisleyBarrel,StaticMesh,Soft From Unassigned Package? Best Guess: /SW_NukeTown/SW_NukeTown_MapModData->/SW_NukeTown/Maps/SW_Nuketown->/SW_NukeTown/Assets/Perimeter/Buildings/MosEisleyBarrel,396594,None
0,/SW_NukeTown/Assets/Perimeter/Buildings/MosEisleyBuilding2,StaticMesh,Soft From Unassigned Package? Best Guess: /SW_NukeTown/SW_NukeTown_MapModData->/SW_NukeTown/Maps/SW_Nuketown->/SW_NukeTown/Assets/Perimeter/Buildings/MosEisleyBuilding2,1598207,None
0,/SW_NukeTown/Assets/Perimeter/Buildings/OverhangCloth,StaticMesh,Soft From Unassigned Package? Best Guess: /SW_NukeTown/SW_NukeTown_MapModData->/SW_NukeTown/Maps/SW_Nuketown->/SW_NukeTown/Assets/Perimeter/Buildings/OverhangCloth,849097,None
0,/SW_NukeTown/Assets/Perimeter/Buildings/RecButtons_A_Red_TGA,Texture2D,Soft From Unassigned Package? Best Guess: /SW_NukeTown/SW_NukeTown_MapModData->/SW_NukeTown/Maps/SW_Nuketown->/SW_NukeTown/Assets/Perimeter/Buildings/MosEisleyBuilding2->/SW_NukeTown/Assets/Perimeter/Buildings/RecButtons_A_Red_TGA_Mat->/SW_NukeTown/Assets/Perimeter/Buildings/RecButtons_A_Red_TGA,23139,None
0,/SW_NukeTown/Assets/Perimeter/Buildings/RecButtons_A_Red_TGA_Mat,Material,Soft From Unassigned Package? Best Guess: /SW_NukeTown/SW_NukeTown_MapModData->/SW_NukeTown/Maps/SW_Nuketown->/SW_NukeTown/Assets/Perimeter/Buildings/MosEisleyBuilding2->/SW_NukeTown/Assets/Perimeter/Buildings/RecButtons_A_Red_TGA_Mat,134551,None
0,/SW_NukeTown/Assets/Perimeter/Buildings/SM_Bat_BJAC2_mo_scene,StaticMesh,Soft From Unassigned Package? Best Guess: /SW_NukeTown/Assets/Perimeter/Buildings/SM_Bat_BJAC2_mo_scene,1704091,None
0,/SW_NukeTown/Assets/Perimeter/Buildings/SM_Mos_Espa_Mairie_closed,StaticMesh,Soft From Unassigned Package? Best Guess: /SW_NukeTown/Assets/Perimeter/Buildings/SM_Mos_Espa_Mairie_closed,36526653,None
0,/SW_NukeTown/Assets/Perimeter/Buildings/T_Bat_BJAC2_mo_C_TGA,Texture2D,Soft From Unassigned Package? Best Guess: /SW_NukeTown/SW_NukeTown_MapModData->/SW_NukeTown/Maps/SW_Nuketown->/SW_NukeTown/Assets/Perimeter/Buildings/MosEisleyBuilding2->/SW_NukeTown/Assets/Perimeter/Buildings/T_Bat_BJAC2_mo_C_TGA_Mat->/SW_NukeTown/Assets/Perimeter/Buildings/T_Bat_BJAC2_mo_C_TGA,11186243,None
0,/SW_NukeTown/Assets/Perimeter/Buildings/T_Bat_BJAC2_mo_C_TGA_Mat,Material,Soft From Unassigned Package? Best Guess: /SW_NukeTown/SW_NukeTown_MapModData->/SW_NukeTown/Maps/SW_Nuketown->/SW_NukeTown/Assets/Perimeter/Buildings/MosEisleyBuilding2->/SW_NukeTown/Assets/Perimeter/Buildings/T_Bat_BJAC2_mo_C_TGA_Mat,134181,None
0,/SW_NukeTown/Assets/Perimeter/Buildings/T_container_cylin_C_TGA,Texture2D,Soft From Unassigned Package? Best Guess: /SW_NukeTown/SW_NukeTown_MapModData->/SW_NukeTown/Maps/SW_Nuketown->/SW_NukeTown/Assets/Perimeter/Buildings/T_container_cylin_C_TGA_Mat->/SW_NukeTown/Assets/Perimeter/Buildings/T_container_cylin_C_TGA,11186249,None
0,/SW_NukeTown/Assets/Perimeter/Buildings/T_container_cylin_C_TGA_Mat,Material,Soft From Unassigned Package? Best Guess: /SW_NukeTown/SW_NukeTown_MapModData->/SW_NukeTown/Maps/SW_Nuketown->/SW_NukeTown/Assets/Perimeter/Buildings/T_container_cylin_C_TGA_Mat,134563,None
0,/SW_NukeTown/Assets/Perimeter/Buildings/T_grille_Ventil_A_C_TGA,Texture2D,Soft From Unassigned Package? Best Guess: /SW_NukeTown/SW_NukeTown_MapModData->/SW_NukeTown/Maps/SW_Nuketown->/SW_NukeTown/Assets/Perimeter/Buildings/T_grille_Ventil_A_C_TGA_Mat->/SW_NukeTown/Assets/Perimeter/Buildings/T_grille_Ventil_A_C_TGA,2797605,None
0,/SW_NukeTown/Assets/Perimeter/Buildings/T_grille_Ventil_A_C_TGA_Mat,Material,Soft From Unassigned Package? Best Guess: /SW_NukeTown/SW_NukeTown_MapModData->/SW_NukeTown/Maps/SW_Nuketown->/SW_NukeTown/Assets/Perimeter/Buildings/T_grille_Ventil_A_C_TGA_Mat,134563,None
0,/SW_NukeTown/Assets/Perimeter/Buildings/T_Metal_Door_A_C_TGA,Texture2D,Soft From Unassigned Package? Best Guess: /SW_NukeTown/SW_NukeTown_MapModData->/SW_NukeTown/Maps/SW_Nuketown->/SW_NukeTown/Assets/Perimeter/Buildings/T_Metal_Door_A_C_TGA_Mat->/SW_NukeTown/Assets/Perimeter/Buildings/T_Metal_Door_A_C_TGA,2797599,None
0,/SW_NukeTown/Assets/Perimeter/Buildings/T_Metal_Door_A_C_TGA_Mat,Material,Soft From Unassigned Package? Best Guess: /SW_NukeTown/SW_NukeTown_MapModData->/SW_NukeTown/Maps/SW_Nuketown->/SW_NukeTown/Assets/Perimeter/Buildings/T_Metal_Door_A_C_TGA_Mat,134551,None
0,/SW_NukeTown/Assets/Perimeter/Buildings/T_pillard_cracked_C_TGA,Texture2D,Soft From Unassigned Package? Best Guess: /SW_NukeTown/Assets/Perimeter/Buildings/T_pillard_cracked_C_TGA,11186249,None
0,/SW_NukeTown/Assets/Perimeter/Buildings/Texture_wall_police_mos_Mat,Material,Soft From Unassigned Package? Best Guess: /SW_NukeTown/Assets/Perimeter/Buildings/SM_Mos_Espa_Mairie_closed->/SW_NukeTown/Assets/Perimeter/Buildings/Texture_wall_police_mos_Mat,75821,None
0,/SW_NukeTown/Assets/Perimeter/coast_sand_rocks_02_diff_1k,Texture2D,Soft From Unassigned Package? Best Guess: /SW_NukeTown/Assets/Perimeter/coast_sand_rocks_02_diff_1k,700415,None
0,/SW_NukeTown/Assets/Perimeter/crate_Base_color,Texture2D,Soft From Unassigned Package? Best Guess: /SW_NukeTown/SW_NukeTown_MapModData->/SW_NukeTown/Maps/SW_Nuketown->/SW_NukeTown/Assets/Perimeter/ForceFieldSingleSided->/SW_NukeTown/Assets/Perimeter/cratebase_002->/SW_NukeTown/Assets/Perimeter/crate_Base_color,2797581,None
0,/SW_NukeTown/Assets/Perimeter/cratebase_002,Material,Soft From Unassigned Package? Best Guess: /SW_NukeTown/SW_NukeTown_MapModData->/SW_NukeTown/Maps/SW_Nuketown->/SW_NukeTown/Assets/Perimeter/ForceFieldSingleSided->/SW_NukeTown/Assets/Perimeter/cratebase_002,134501,None
0,/SW_NukeTown/Assets/Perimeter/Cube,StaticMesh,Soft From Unassigned Package? Best Guess: /SW_NukeTown/SW_NukeTown_MapModData->/SW_NukeTown/Maps/SW_Nuketown->/SW_NukeTown/Assets/Perimeter/Cube,12463,None
0,/SW_NukeTown/Assets/Perimeter/Forcefield-object_Base_Color,Texture2D,Soft From Unassigned Package? Best Guess: /SW_NukeTown/SW_NukeTown_MapModData->/SW_NukeTown/Maps/SW_Nuketown->/SW_NukeTown/Assets/Perimeter/Sign/SignText->/SW_NukeTown/Assets/Perimeter/Forcefield-object_Base_Color,700417,None
0,/SW_NukeTown/Assets/Perimeter/Forcefield-object_Emissive,Texture2D,Soft From Unassigned Package? Best Guess: /SW_NukeTown/SW_NukeTown_MapModData->/SW_NukeTown/Maps/SW_Nuketown->/SW_NukeTown/Assets/Perimeter/Sign/SignText->/SW_NukeTown/Assets/Perimeter/Forcefield-object_Emissive,700413,None
0,/SW_NukeTown/Assets/Perimeter/ForceField,Material,Soft From Unassigned Package? Best Guess: /SW_NukeTown/SW_NukeTown_MapModData->/SW_NukeTown/Maps/SW_Nuketown->/SW_NukeTown/Assets/Perimeter/ForceField,101200,None
0,/SW_NukeTown/Assets/Perimeter/ForceFieldSingleSided,StaticMesh,Soft From Unassigned Package? Best Guess: /SW_NukeTown/SW_NukeTown_MapModData->/SW_NukeTown/Maps/SW_Nuketown->/SW_NukeTown/Assets/Perimeter/ForceFieldSingleSided,14868,None
0,/SW_NukeTown/Assets/Perimeter/NukeTown_Base_map,StaticMesh,Soft From Unassigned Package? Best Guess: /SW_NukeTown/SW_NukeTown_MapModData->/SW_NukeTown/Maps/SW_Nuketown->/SW_NukeTown/Assets/Perimeter/NukeTown_Base_map,5784,None
0,/SW_NukeTown/Assets/Perimeter/NukeTown_Road,StaticMesh,Soft From Unassigned Package? Best Guess: /SW_NukeTown/SW_NukeTown_MapModData->/SW_NukeTown/Maps/SW_Nuketown->/SW_NukeTown/Assets/Perimeter/NukeTown_Road,10987,None
0,/SW_NukeTown/Assets/Perimeter/NukeTown_Side_Road_1,StaticMesh,Soft From Unassigned Package? Best Guess: /SW_NukeTown/SW_NukeTown_MapModData->/SW_NukeTown/Maps/SW_Nuketown->/SW_NukeTown/Assets/Perimeter/NukeTown_Side_Road_1,5304,None
0,/SW_NukeTown/Assets/Perimeter/NukeTown_Side_Road_2,StaticMesh,Soft From Unassigned Package? Best Guess: /SW_NukeTown/SW_NukeTown_MapModData->/SW_NukeTown/Maps/SW_Nuketown->/SW_NukeTown/Assets/Perimeter/NukeTown_Side_Road_2,5276,None
0,/SW_NukeTown/Assets/Perimeter/NukeTown_Sidewalk_,StaticMesh,Soft From Unassigned Package? Best Guess: /SW_NukeTown/SW_NukeTown_MapModData->/SW_NukeTown/Maps/SW_Nuketown->/SW_NukeTown/Assets/Perimeter/NukeTown_Sidewalk_,75905,None
0,/SW_NukeTown/Assets/Perimeter/rocky_trail_02_diff_1k,Texture2D,Soft From Unassigned Package? Best Guess: /SW_NukeTown/Assets/Perimeter/rocky_trail_02_diff_1k_Mat->/SW_NukeTown/Assets/Perimeter/rocky_trail_02_diff_1k,700405,None
0,/SW_NukeTown/Assets/Perimeter/rocky_trail_02_diff_1k_Mat,Material,Soft From Unassigned Package? Best Guess: /SW_NukeTown/Assets/Perimeter/rocky_trail_02_diff_1k_Mat,134169,None
0,/SW_NukeTown/Assets/Perimeter/Sign/SignText,Material,Soft From Unassigned Package? Best Guess: /SW_NukeTown/SW_NukeTown_MapModData->/SW_NukeTown/Maps/SW_Nuketown->/SW_NukeTown/Assets/Perimeter/Sign/SignText,99238,None
0,/SW_NukeTown/Assets/Perimeter/Sign/Text,StaticMesh,Soft From Unassigned Package? Best Guess: /SW_NukeTown/SW_NukeTown_MapModData->/SW_NukeTown/Maps/SW_Nuketown->/SW_NukeTown/Assets/Perimeter/Sign/Text,1009808,None
0,/SW_NukeTown/Assets/Perimeter/SWArchLarge,StaticMesh,Soft From Unassigned Package? Best Guess: /SW_NukeTown/Assets/Perimeter/SWArchLarge,935142,None
0,/SW_NukeTown/Assets/Perimeter/SWBuildingTexture,Texture2D,Soft From Unassigned Package? Best Guess: /SW_NukeTown/Assets/Perimeter/SWBuildingTexture_Mat->/SW_NukeTown/Assets/Perimeter/SWBuildingTexture,2797583,None
0,/SW_NukeTown/Assets/Perimeter/SWBuildingTexture_Mat,Material,Soft From Unassigned Package? Best Guess: /SW_NukeTown/Assets/Perimeter/SWBuildingTexture_Mat,75688,None
0,/SW_NukeTown/Assets/Perimeter/SWForceField,Texture2D,Soft From Unassigned Package? Best Guess: /SW_NukeTown/Assets/Perimeter/SWForceField,2797573,None
0,/SW_NukeTown/Assets/Perimeter/SWGroundTexture,Texture2D,Soft From Unassigned Package? Best Guess: /SW_NukeTown/Assets/Perimeter/SWGroundTexture_Mat->/SW_NukeTown/Assets/Perimeter/SWGroundTexture,2797579,None
0,/SW_NukeTown/Assets/Perimeter/SWGroundTexture_Mat,Material,Soft From Unassigned Package? Best Guess: /SW_NukeTown/Assets/Perimeter/SWGroundTexture_Mat,134141,None
0,/SW_NukeTown/Assets/RebelBuilding/cloth_BaseColor,Texture2D,Soft From Unassigned Package? Best Guess: /SW_NukeTown/SW_NukeTown_MapModData->/SW_NukeTown/Maps/SW_Nuketown->/SW_NukeTown/Assets/RebelBuilding/cloth_BaseColor_Mat->/SW_NukeTown/Assets/RebelBuilding/cloth_BaseColor,700395,None
0,/SW_NukeTown/Assets/RebelBuilding/cloth_BaseColor_Mat,Material,Soft From Unassigned Package? Best Guess: /SW_NukeTown/SW_NukeTown_MapModData->/SW_NukeTown/Maps/SW_Nuketown->/SW_NukeTown/Assets/RebelBuilding/cloth_BaseColor_Mat,134519,None
0,/SW_NukeTown/Assets/RebelBuilding/cloth_mat,Material,Soft From Unassigned Package? Best Guess: /SW_NukeTown/SW_NukeTown_MapModData->/SW_NukeTown/Maps/SW_Nuketown->/SW_NukeTown/Assets/RebelBuilding/SWAwning_cloth->/SW_NukeTown/Assets/RebelBuilding/cloth_mat,75779,None
0,/SW_NukeTown/Assets/RebelBuilding/DeathStarFloor,Material,Soft From Unassigned Package? Best Guess: /SW_NukeTown/Assets/RebelBuilding/DeathStarFloor,132946,None
0,/SW_NukeTown/Assets/RebelBuilding/RebelHouse,StaticMesh,Soft From Unassigned Package? Best Guess: /SW_NukeTown/SW_NukeTown_MapModData->/SW_NukeTown/Maps/SW_Nuketown->/SW_NukeTown/Assets/RebelBuilding/RebelHouse,86231,None
0,/SW_NukeTown/Assets/RebelBuilding/RebelHouseBackArch,StaticMesh,Soft From Unassigned Package? Best Guess: /SW_NukeTown/Assets/RebelBuilding/RebelHouseBackArch,937690,None
0,/SW_NukeTown/Assets/RebelBuilding/RebelHouseBackArch2,StaticMesh,Soft From Unassigned Package? Best Guess: /SW_NukeTown/SW_NukeTown_MapModData->/SW_NukeTown/Maps/SW_Nuketown->/SW_NukeTown/Assets/RebelBuilding/RebelHouseBackArch2,913915,None
0,/SW_NukeTown/Assets/RebelBuilding/RebelHouseBackArch2Pillar,StaticMesh,Soft From Unassigned Package? Best Guess: /SW_NukeTown/SW_NukeTown_MapModData->/SW_NukeTown/Maps/SW_Nuketown->/SW_NukeTown/Assets/RebelBuilding/RebelHouseBackArch2Pillar,335849,None
0,/SW_NukeTown/Assets/RebelBuilding/RebelHouseBottomFloorInsideStairs,StaticMesh,Soft From Unassigned Package? Best Guess: /SW_NukeTown/SW_NukeTown_MapModData->/SW_NukeTown/Maps/SW_Nuketown->/SW_NukeTown/Assets/RebelBuilding/RebelHouseBottomFloorInsideStairs,82000,None
0,/SW_NukeTown/Assets/RebelBuilding/RebelHouseBottomSeparationWall,StaticMesh,Soft From Unassigned Package? Best Guess: /SW_NukeTown/SW_NukeTown_MapModData->/SW_NukeTown/Maps/SW_Nuketown->/SW_NukeTown/Assets/RebelBuilding/RebelHouseBottomSeparationWall,26818,None
0,/SW_NukeTown/Assets/RebelBuilding/RebelHouseFrontArch,StaticMesh,Soft From Unassigned Package? Best Guess: /SW_NukeTown/SW_NukeTown_MapModData->/SW_NukeTown/Maps/SW_Nuketown->/SW_NukeTown/Assets/RebelBuilding/RebelHouseFrontArch,676275,None
0,/SW_NukeTown/Assets/RebelBuilding/RebelHouseGarage,StaticMesh,Soft From Unassigned Package? Best Guess: /SW_NukeTown/SW_NukeTown_MapModData->/SW_NukeTown/Maps/SW_Nuketown->/SW_NukeTown/Assets/RebelBuilding/RebelHouseGarage,50062,None
0,/SW_NukeTown/Assets/RebelBuilding/RebelHouseMiddleFloor,StaticMesh,Soft From Unassigned Package? Best Guess: /SW_NukeTown/SW_NukeTown_MapModData->/SW_NukeTown/Maps/SW_Nuketown->/SW_NukeTown/Assets/RebelBuilding/RebelHouseMiddleFloor,18112,None
0,/SW_NukeTown/Assets/RebelBuilding/RebelHouseRoof,StaticMesh,Soft From Unassigned Package? Best Guess: /SW_NukeTown/SW_NukeTown_MapModData->/SW_NukeTown/Maps/SW_Nuketown->/SW_NukeTown/Assets/RebelBuilding/RebelHouseRoof,8633,None
0,/SW_NukeTown/Assets/RebelBuilding/RebelHouseSidePillarsTall,StaticMesh,Soft From Unassigned Package? Best Guess: /SW_NukeTown/SW_NukeTown_MapModData->/SW_NukeTown/Maps/SW_Nuketown->/SW_NukeTown/Assets/RebelBuilding/RebelHouseSidePillarsTall,51468,None
0,/SW_NukeTown/Assets/RebelBuilding/RebelHouseTopDome,StaticMesh,Soft From Unassigned Package? Best Guess: /SW_NukeTown/SW_NukeTown_MapModData->/SW_NukeTown/Maps/SW_Nuketown->/SW_NukeTown/Assets/RebelBuilding/RebelHouseTopDome,247796,None
0,/SW_NukeTown/Assets/RebelBuilding/RebelHouseTopSeparationWallBedroom,StaticMesh,Soft From Unassigned Package? Best Guess: /SW_NukeTown/SW_NukeTown_MapModData->/SW_NukeTown/Maps/SW_Nuketown->/SW_NukeTown/Assets/RebelBuilding/RebelHouseTopSeparationWallBedroom,29390,None
0,/SW_NukeTown/Assets/RebelBuilding/RebelHouseTopSeparationWallStairWell,StaticMesh,Soft From Unassigned Package? Best Guess: /SW_NukeTown/SW_NukeTown_MapModData->/SW_NukeTown/Maps/SW_Nuketown->/SW_NukeTown/Assets/RebelBuilding/RebelHouseTopSeparationWallStairWell,29842,None
0,/SW_NukeTown/Assets/RebelBuilding/Ships/BlueEngineGlow,Material,Soft From Unassigned Package? Best Guess: /SW_NukeTown/SW_NukeTown_MapModData->/SW_NukeTown/Maps/SW_Nuketown->/SW_NukeTown/Assets/RebelBuilding/Ships/GR-75MediumTransport->/SW_NukeTown/Assets/RebelBuilding/Ships/BlueEngineGlow,133769,None
0,/SW_NukeTown/Assets/RebelBuilding/Ships/Falcon_Details_COLOR,Texture2D,Soft From Unassigned Package? Best Guess: /SW_NukeTown/SW_NukeTown_MapModData->/SW_NukeTown/Maps/SW_Nuketown->/SW_NukeTown/Assets/RebelBuilding/Ships/millennium_falcon_battlefront->/SW_NukeTown/Assets/RebelBuilding/Ships/Tex_0095_2_dds->/SW_NukeTown/Assets/RebelBuilding/Ships/Falcon_Details_COLOR,11186243,None
0,/SW_NukeTown/Assets/RebelBuilding/Ships/Falcon_Details_COLOR_Mat,Material,Soft From Unassigned Package? Best Guess: /SW_NukeTown/SW_NukeTown_MapModData->/SW_NukeTown/Maps/SW_Nuketown->/SW_NukeTown/Assets/RebelBuilding/Ships/millennium_falcon_battlefront->/SW_NukeTown/Assets/RebelBuilding/Ships/Falcon_Details_COLOR_Mat,75719,None
0,/SW_NukeTown/Assets/RebelBuilding/Ships/Falcon_Details_NORMAL,Texture2D,Soft From Unassigned Package? Best Guess: /SW_NukeTown/SW_NukeTown_MapModData->/SW_NukeTown/Maps/SW_Nuketown->/SW_NukeTown/Assets/RebelBuilding/Ships/millennium_falcon_battlefront->/SW_NukeTown/Assets/RebelBuilding/Ships/Tex_0095_2_dds->/SW_NukeTown/Assets/RebelBuilding/Ships/Falcon_Details_NORMAL,22371388,None
0,/SW_NukeTown/Assets/RebelBuilding/Ships/Falcon_Details_ROUGHNESS,Texture2D,Soft From Unassigned Package? Best Guess: /SW_NukeTown/SW_NukeTown_MapModData->/SW_NukeTown/Maps/SW_Nuketown->/SW_NukeTown/Assets/RebelBuilding/Ships/millennium_falcon_battlefront->/SW_NukeTown/Assets/RebelBuilding/Ships/Tex_0095_2_dds->/SW_NukeTown/Assets/RebelBuilding/Ships/Falcon_Details_ROUGHNESS,11186251,None
0,/SW_NukeTown/Assets/RebelBuilding/Ships/Falcon_Details_SPECULAR,Texture2D,Soft From Unassigned Package? Best Guess: /SW_NukeTown/SW_NukeTown_MapModData->/SW_NukeTown/Maps/SW_Nuketown->/SW_NukeTown/Assets/RebelBuilding/Ships/millennium_falcon_battlefront->/SW_NukeTown/Assets/RebelBuilding/Ships/Tex_0095_2_dds->/SW_NukeTown/Assets/RebelBuilding/Ships/Falcon_Details_SPECULAR,2797605,None
0,/SW_NukeTown/Assets/RebelBuilding/Ships/Falcon_Gear_COLOR,Texture2D,Soft From Unassigned Package? Best Guess: /SW_NukeTown/SW_NukeTown_MapModData->/SW_NukeTown/Maps/SW_Nuketown->/SW_NukeTown/Assets/RebelBuilding/Ships/millennium_falcon_battlefront->/SW_NukeTown/Assets/RebelBuilding/Ships/Tex_0095_3_dds->/SW_NukeTown/Assets/RebelBuilding/Ships/Falcon_Gear_COLOR,2797593,None
0,/SW_NukeTown/Assets/RebelBuilding/Ships/Falcon_Gear_NORMAL,Texture2D,Soft From Unassigned Package? Best Guess: /SW_NukeTown/SW_NukeTown_MapModData->/SW_NukeTown/Maps/SW_Nuketown->/SW_NukeTown/Assets/RebelBuilding/Ships/millennium_falcon_battlefront->/SW_NukeTown/Assets/RebelBuilding/Ships/Tex_0095_3_dds->/SW_NukeTown/Assets/RebelBuilding/Ships/Falcon_Gear_NORMAL,5594130,None
0,/SW_NukeTown/Assets/RebelBuilding/Ships/Falcon_Gear_ROUGHNESS,Texture2D,Soft From Unassigned Package? Best Guess: /SW_NukeTown/SW_NukeTown_MapModData->/SW_NukeTown/Maps/SW_Nuketown->/SW_NukeTown/Assets/RebelBuilding/Ships/millennium_falcon_battlefront->/SW_NukeTown/Assets/RebelBuilding/Ships/Tex_0095_3_dds->/SW_NukeTown/Assets/RebelBuilding/Ships/Falcon_Gear_ROUGHNESS,2797601,None
0,/SW_NukeTown/Assets/RebelBuilding/Ships/Falcon_Gear_SPECULAR,Texture2D,Soft From Unassigned Package? Best Guess: /SW_NukeTown/SW_NukeTown_MapModData->/SW_NukeTown/Maps/SW_Nuketown->/SW_NukeTown/Assets/RebelBuilding/Ships/millennium_falcon_battlefront->/SW_NukeTown/Assets/RebelBuilding/Ships/Tex_0095_3_dds->/SW_NukeTown/Assets/RebelBuilding/Ships/Falcon_Gear_SPECULAR,2797599,None
0,/SW_NukeTown/Assets/RebelBuilding/Ships/Falcon_Main_COLOR,Texture2D,Soft From Unassigned Package? Best Guess: /SW_NukeTown/SW_NukeTown_MapModData->/SW_NukeTown/Maps/SW_Nuketown->/SW_NukeTown/Assets/RebelBuilding/Ships/Falcon_Main_COLOR_Mat->/SW_NukeTown/Assets/RebelBuilding/Ships/Falcon_Main_COLOR,11186237,None
0,/SW_NukeTown/Assets/RebelBuilding/Ships/Falcon_Main_COLOR_Mat,Material,Soft From Unassigned Package? Best Guess: /SW_NukeTown/SW_NukeTown_MapModData->/SW_NukeTown/Maps/SW_Nuketown->/SW_NukeTown/Assets/RebelBuilding/Ships/Falcon_Main_COLOR_Mat,144476,None
0,/SW_NukeTown/Assets/RebelBuilding/Ships/Falcon_Main_NORMAL,Texture2D,Soft From Unassigned Package? Best Guess: /SW_NukeTown/SW_NukeTown_MapModData->/SW_NukeTown/Maps/SW_Nuketown->/SW_NukeTown/Assets/RebelBuilding/Ships/millennium_falcon_battlefront->/SW_NukeTown/Assets/RebelBuilding/Ships/Tex_0095_1_dds->/SW_NukeTown/Assets/RebelBuilding/Ships/Falcon_Main_NORMAL,22371382,None
0,/SW_NukeTown/Assets/RebelBuilding/Ships/Falcon_Main_ROUGHNESS,Texture2D,Soft From Unassigned Package? Best Guess: /SW_NukeTown/SW_NukeTown_MapModData->/SW_NukeTown/Maps/SW_Nuketown->/SW_NukeTown/Assets/RebelBuilding/Ships/millennium_falcon_battlefront->/SW_NukeTown/Assets/RebelBuilding/Ships/Tex_0095_1_dds->/SW_NukeTown/Assets/RebelBuilding/Ships/Falcon_Main_ROUGHNESS,11186245,None
0,/SW_NukeTown/Assets/RebelBuilding/Ships/Falcon_Main_SPECULAR,Texture2D,Soft From Unassigned Package? Best Guess: /SW_NukeTown/SW_NukeTown_MapModData->/SW_NukeTown/Maps/SW_Nuketown->/SW_NukeTown/Assets/RebelBuilding/Ships/millennium_falcon_battlefront->/SW_NukeTown/Assets/RebelBuilding/Ships/Tex_0095_1_dds->/SW_NukeTown/Assets/RebelBuilding/Ships/Falcon_Main_SPECULAR,2797599,None
0,/SW_NukeTown/Assets/RebelBuilding/Ships/GR-75MediumTransport,StaticMesh,Soft From Unassigned Package? Best Guess: /SW_NukeTown/SW_NukeTown_MapModData->/SW_NukeTown/Maps/SW_Nuketown->/SW_NukeTown/Assets/RebelBuilding/Ships/GR-75MediumTransport,9280878,None
0,/SW_NukeTown/Assets/RebelBuilding/Ships/millennium_falcon_battlefront,StaticMesh,Soft From Unassigned Package? Best Guess: /SW_NukeTown/SW_NukeTown_MapModData->/SW_NukeTown/Maps/SW_Nuketown->/SW_NukeTown/Assets/RebelBuilding/Ships/millennium_falcon_battlefront,44974317,None
0,/SW_NukeTown/Assets/RebelBuilding/Ships/ReflectiveGlass,Material,Soft From Unassigned Package? Best Guess: /SW_NukeTown/SW_NukeTown_MapModData->/SW_NukeTown/Maps/SW_Nuketown->/SW_NukeTown/Assets/RebelBuilding/Ships/GR-75MediumTransport->/SW_NukeTown/Assets/RebelBuilding/Ships/ReflectiveGlass,133771,None
0,/SW_NukeTown/Assets/RebelBuilding/Ships/ScratchedMetal,Material,Soft From Unassigned Package? Best Guess: /SW_NukeTown/SW_NukeTown_MapModData->/SW_NukeTown/Maps/SW_Nuketown->/SW_NukeTown/Assets/RebelBuilding/Ships/ScratchedMetal,144458,None
0,/SW_NukeTown/Assets/RebelBuilding/Ships/ScratchedMetal2,Texture2D,Soft From Unassigned Package? Best Guess: /SW_NukeTown/SW_NukeTown_MapModData->/SW_NukeTown/Maps/SW_Nuketown->/SW_NukeTown/Assets/RebelBuilding/Ships/ScratchedMetal->/SW_NukeTown/Assets/RebelBuilding/Ships/ScratchedMetal2,176077,None
0,/SW_NukeTown/Assets/RebelBuilding/Ships/ScratchedMetalBrown,Material,Soft From Unassigned Package? Best Guess: /SW_NukeTown/SW_NukeTown_MapModData->/SW_NukeTown/Maps/SW_Nuketown->/SW_NukeTown/Assets/RebelBuilding/Ships/GR-75MediumTransport->/SW_NukeTown/Assets/RebelBuilding/Ships/ScratchedMetalBrown,133779,None
0,/SW_NukeTown/Assets/RebelBuilding/Ships/ScratchedMetalDark,Material,Soft From Unassigned Package? Best Guess: /SW_NukeTown/SW_NukeTown_MapModData->/SW_NukeTown/Maps/SW_Nuketown->/SW_NukeTown/Assets/RebelBuilding/Ships/GR-75MediumTransport->/SW_NukeTown/Assets/RebelBuilding/Ships/ScratchedMetalDark,133777,None
0,/SW_NukeTown/Assets/RebelBuilding/Ships/ScratchedMetalGreen,Material,Soft From Unassigned Package? Best Guess: /SW_NukeTown/SW_NukeTown_MapModData->/SW_NukeTown/Maps/SW_Nuketown->/SW_NukeTown/Assets/RebelBuilding/Ships/GR-75MediumTransport->/SW_NukeTown/Assets/RebelBuilding/Ships/ScratchedMetalGreen,133779,None
0,/SW_NukeTown/Assets/RebelBuilding/Ships/ScratchedMetalRed,Material,Soft From Unassigned Package? Best Guess: /SW_NukeTown/SW_NukeTown_MapModData->/SW_NukeTown/Maps/SW_Nuketown->/SW_NukeTown/Assets/RebelBuilding/Ships/GR-75MediumTransport->/SW_NukeTown/Assets/RebelBuilding/Ships/ScratchedMetalRed,133775,None
0,/SW_NukeTown/Assets/RebelBuilding/Ships/Tex_0095_1_dds,Material,Soft From Unassigned Package? Best Guess: /SW_NukeTown/SW_NukeTown_MapModData->/SW_NukeTown/Maps/SW_Nuketown->/SW_NukeTown/Assets/RebelBuilding/Ships/millennium_falcon_battlefront->/SW_NukeTown/Assets/RebelBuilding/Ships/Tex_0095_1_dds,138092,None
0,/SW_NukeTown/Assets/RebelBuilding/Ships/Tex_0095_2_dds,Material,Soft From Unassigned Package? Best Guess: /SW_NukeTown/SW_NukeTown_MapModData->/SW_NukeTown/Maps/SW_Nuketown->/SW_NukeTown/Assets/RebelBuilding/Ships/millennium_falcon_battlefront->/SW_NukeTown/Assets/RebelBuilding/Ships/Tex_0095_2_dds,137917,None
0,/SW_NukeTown/Assets/RebelBuilding/Ships/Tex_0095_2_dds_ncl1_1,Material,Soft From Unassigned Package? Best Guess: /SW_NukeTown/Assets/RebelBuilding/Ships/Tex_0095_2_dds_ncl1_1,133779,None
0,/SW_NukeTown/Assets/RebelBuilding/Ships/Tex_0095_3_dds,Material,Soft From Unassigned Package? Best Guess: /SW_NukeTown/SW_NukeTown_MapModData->/SW_NukeTown/Maps/SW_Nuketown->/SW_NukeTown/Assets/RebelBuilding/Ships/millennium_falcon_battlefront->/SW_NukeTown/Assets/RebelBuilding/Ships/Tex_0095_3_dds,137993,None
0,/SW_NukeTown/Assets/RebelBuilding/Ships/Tex_5040_1_dds,Material,Soft From Unassigned Package? Best Guess: /SW_NukeTown/SW_NukeTown_MapModData->/SW_NukeTown/Maps/SW_Nuketown->/SW_NukeTown/Assets/RebelBuilding/Ships/millennium_falcon_battlefront->/SW_NukeTown/Assets/RebelBuilding/Ships/Tex_5040_1_dds,133769,None
0,/SW_NukeTown/Assets/RebelBuilding/SWAwning_cloth,StaticMesh,Soft From Unassigned Package? Best Guess: /SW_NukeTown/SW_NukeTown_MapModData->/SW_NukeTown/Maps/SW_Nuketown->/SW_NukeTown/Assets/RebelBuilding/SWAwning_cloth,854387,None
0,/SW_NukeTown/Assets/RebelBuilding/SWAwning_SW_house_1b,StaticMesh,Soft From Unassigned Package? Best Guess: /SW_NukeTown/Assets/RebelBuilding/SWAwning_SW_house_1b,113062,None
0,/SW_NukeTown/Assets/RebelBuilding/SWBuildingTexture,Texture2D,Soft From Unassigned Package? Best Guess: /SW_NukeTown/SW_NukeTown_MapModData->/SW_NukeTown/Maps/SW_Nuketown->/SW_NukeTown/Assets/RebelBuilding/SWTat->/SW_NukeTown/Assets/RebelBuilding/SWBuildingTexture,2797587,None
0,/SW_NukeTown/Assets/RebelBuilding/SWDoor,StaticMesh,Soft From Unassigned Package? Best Guess: /SW_NukeTown/SW_NukeTown_MapModData->/SW_NukeTown/Maps/SW_Nuketown->/SW_NukeTown/Assets/RebelBuilding/SWDoor,98234,None
0,/SW_NukeTown/Assets/RebelBuilding/SWdoor_BaseColor,Texture2D,Soft From Unassigned Package? Best Guess: /SW_NukeTown/SW_NukeTown_MapModData->/SW_NukeTown/Maps/SW_Nuketown->/SW_NukeTown/Assets/RebelBuilding/SWdoor_BaseColor_Mat->/SW_NukeTown/Assets/RebelBuilding/SWdoor_BaseColor,700397,None
0,/SW_NukeTown/Assets/RebelBuilding/SWdoor_BaseColor_Mat,Material,Soft From Unassigned Package? Best Guess: /SW_NukeTown/SW_NukeTown_MapModData->/SW_NukeTown/Maps/SW_Nuketown->/SW_NukeTown/Assets/RebelBuilding/SWdoor_BaseColor_Mat,134523,None
0,/SW_NukeTown/Assets/RebelBuilding/SWGroundTexture,Texture2D,Soft From Unassigned Package? Best Guess: /SW_NukeTown/SW_NukeTown_MapModData->/SW_NukeTown/Maps/SW_Nuketown->/SW_NukeTown/Assets/RebelBuilding/SWhouse1_mat->/SW_NukeTown/Assets/RebelBuilding/SWGroundTexture,2797583,None
0,/SW_NukeTown/Assets/RebelBuilding/SWhouse1_mat,Material,Soft From Unassigned Package? Best Guess: /SW_NukeTown/SW_NukeTown_MapModData->/SW_NukeTown/Maps/SW_Nuketown->/SW_NukeTown/Assets/RebelBuilding/SWhouse1_mat,144442,None
0,/SW_NukeTown/Assets/RebelBuilding/SWMoistureFarm,StaticMesh,Soft From Unassigned Package? Best Guess: /SW_NukeTown/SW_NukeTown_MapModData->/SW_NukeTown/Maps/SW_Nuketown->/SW_NukeTown/Assets/RebelBuilding/SWMoistureFarm,1353974,None
0,/SW_NukeTown/Assets/RebelBuilding/SWTat,Material,Soft From Unassigned Package? Best Guess: /SW_NukeTown/SW_NukeTown_MapModData->/SW_NukeTown/Maps/SW_Nuketown->/SW_NukeTown/Assets/RebelBuilding/SWTat,144432,None
0,/SW_NukeTown/Assets/RebelBuilding/SWTat2,Material,Soft From Unassigned Package? Best Guess: /SW_NukeTown/Assets/RebelBuilding/SWTat2,134139,None
0,/SW_NukeTown/Assets/RebelBuilding/vaporizer_BaseColor,Texture2D,Soft From Unassigned Package? Best Guess: /SW_NukeTown/SW_NukeTown_MapModData->/SW_NukeTown/Maps/SW_Nuketown->/SW_NukeTown/Assets/RebelBuilding/vaporizer_BaseColor_Mat->/SW_NukeTown/Assets/RebelBuilding/vaporizer_BaseColor,2797591,None
0,/SW_NukeTown/Assets/RebelBuilding/vaporizer_BaseColor_Mat,Material,Soft From Unassigned Package? Best Guess: /SW_NukeTown/SW_NukeTown_MapModData->/SW_NukeTown/Maps/SW_Nuketown->/SW_NukeTown/Assets/RebelBuilding/vaporizer_BaseColor_Mat,134535,None
0,/SW_NukeTown/Assets/Sounds/engine-startup-76789,SoundWave,Soft From Unassigned Package? Best Guess: /SW_NukeTown/Assets/Sounds/engine-startup-76789,137542,None
0,/SW_NukeTown/Assets/Sounds/star-wars-theme-song,SoundWave,Soft From Unassigned Package? Best Guess: /SW_NukeTown/SW_NukeTown_MapModData->/SW_NukeTown/Maps/SW_Nuketown->/SW_NukeTown/Assets/Sounds/star-wars-theme-song_Cue->/SW_NukeTown/Assets/Sounds/star-wars-theme-song,1865732,None
0,/SW_NukeTown/Assets/Sounds/star-wars-theme-song_Cue,SoundCue,Soft From Unassigned Package? Best Guess: /SW_NukeTown/SW_NukeTown_MapModData->/SW_NukeTown/Maps/SW_Nuketown->/SW_NukeTown/Assets/Sounds/star-wars-theme-song_Cue,1955,None
0,/SW_NukeTown/Assets/Sounds/ufo-hovering-retro-sci-fi-sound-effects-17701,SoundWave,Soft From Unassigned Package? Best Guess: /SW_NukeTown/SW_NukeTown_MapModData->/SW_NukeTown/Maps/SW_Nuketown->/SW_NukeTown/Assets/Sounds/ufo-hovering-retro-sci-fi-sound-effects-17701_Cue->/SW_NukeTown/Assets/Sounds/ufo-hovering-retro-sci-fi-sound-effects-17701,534654,None
0,/SW_NukeTown/Assets/Sounds/ufo-hovering-retro-sci-fi-sound-effects-17701_Cue,SoundCue,Soft From Unassigned Package? Best Guess: /SW_NukeTown/SW_NukeTown_MapModData->/SW_NukeTown/Maps/SW_Nuketown->/SW_NukeTown/Assets/Sounds/ufo-hovering-retro-sci-fi-sound-effects-17701_Cue,2570,None
0,/SW_NukeTown/Assets/Videos/AnakinGettingFried/AnakinKillsYounglings,MediaPlayer,Soft From Unassigned Package? Best Guess: /SW_NukeTown/Assets/Videos/AnakinGettingFried/AnakinKillsYounglings_Video_Mat->/SW_NukeTown/Assets/Videos/AnakinGettingFried/AnakinKillsYounglings_Video->/SW_NukeTown/Assets/Videos/AnakinGettingFried/AnakinKillsYounglings,918,None
0,/SW_NukeTown/Assets/Videos/AnakinGettingFried/AnakinKillsYounglings_Source,FileMediaSource,Soft From Unassigned Package? Best Guess: /SW_NukeTown/SW_NukeTown_MapModData->/SW_NukeTown/Maps/SW_Nuketown->/SW_NukeTown/Assets/Videos/AnakinGettingFried/AnakinKillsYounglings_Source,874,None
0,/SW_NukeTown/Assets/Videos/AnakinGettingFried/AnakinKillsYounglings_Video,MediaTexture,Soft From Unassigned Package? Best Guess: /SW_NukeTown/SW_NukeTown_MapModData->/SW_NukeTown/Maps/SW_Nuketown->/SW_NukeTown/Assets/Videos/AnakinGettingFried/AnakinKillsYounglings_Video_Mat->/SW_NukeTown/Assets/Videos/AnakinGettingFried/AnakinKillsYounglings_Video,1040,None
0,/SW_NukeTown/Assets/Videos/AnakinGettingFried/AnakinKillsYounglings_Video_Mat,Material,Soft From Unassigned Package? Best Guess: /SW_NukeTown/SW_NukeTown_MapModData->/SW_NukeTown/Maps/SW_Nuketown->/SW_NukeTown/Assets/Videos/AnakinGettingFried/AnakinKillsYounglings_Video_Mat,76110,None
0,/SW_NukeTown/Assets/Videos/AnakinKillingYounglings/AnakinBurnsPlayer,MediaPlayer,Soft From Unassigned Package? Best Guess: /SW_NukeTown/Assets/Videos/AnakinKillingYounglings/AnakinBurnsPlayer_Video_Mat->/SW_NukeTown/Assets/Videos/AnakinKillingYounglings/AnakinBurnsPlayer_Video->/SW_NukeTown/Assets/Videos/AnakinKillingYounglings/AnakinBurnsPlayer,915,None
0,/SW_NukeTown/Assets/Videos/AnakinKillingYounglings/AnakinBurnsPlayer_Video,MediaTexture,Soft From Unassigned Package? Best Guess: /SW_NukeTown/SW_NukeTown_MapModData->/SW_NukeTown/Maps/SW_Nuketown->/SW_NukeTown/Assets/Videos/AnakinKillingYounglings/AnakinBurnsPlayer_Video_Mat->/SW_NukeTown/Assets/Videos/AnakinKillingYounglings/AnakinBurnsPlayer_Video,1034,None
0,/SW_NukeTown/Assets/Videos/AnakinKillingYounglings/AnakinBurnsPlayer_Video_Mat,Material,Soft From Unassigned Package? Best Guess: /SW_NukeTown/SW_NukeTown_MapModData->/SW_NukeTown/Maps/SW_Nuketown->/SW_NukeTown/Assets/Videos/AnakinKillingYounglings/AnakinBurnsPlayer_Video_Mat,76104,None
0,/SW_NukeTown/Assets/Videos/AnakinKillingYounglings/AnakinBurnsSource,FileMediaSource,Soft From Unassigned Package? Best Guess: /SW_NukeTown/SW_NukeTown_MapModData->/SW_NukeTown/Maps/SW_Nuketown->/SW_NukeTown/Assets/Videos/AnakinKillingYounglings/AnakinBurnsSource,847,None
0,/SW_NukeTown/Maps/domination,World,Soft From Unassigned Package? Best Guess: /SW_NukeTown/SW_NukeTown_MapModData->/SW_NukeTown/Maps/SW_Nuketown->/SW_NukeTown/Maps/domination,13752,None
0,/SW_NukeTown/Maps/domination_BuiltData,MapBuildDataRegistry,Soft From Unassigned Package? Best Guess: /SW_NukeTown/Maps/domination_BuiltData,821,None
0,/SW_NukeTown/Maps/PotatoTestMap_BuiltData,MapBuildDataRegistry,Soft From Unassigned Package? Best Guess: /SW_NukeTown/Maps/PotatoTestMap_BuiltData,6525695,None
0,/SW_NukeTown/Maps/SW_Nuketown,World,Soft From Unassigned Package? Best Guess: /SW_NukeTown/SW_NukeTown_MapModData->/SW_NukeTown/Maps/SW_Nuketown,396900,None
0,/SW_NukeTown/Maps/SW_Nuketown,BlueprintGeneratedClass,Soft From Unassigned Package? Best Guess: /SW_NukeTown/SW_NukeTown_MapModData->/SW_NukeTown/Maps/SW_Nuketown,396900,None
0,/SW_NukeTown/Maps/SW_Nuketown_BuiltData,MapBuildDataRegistry,Soft From Unassigned Package? Best Guess: /SW_NukeTown/SW_NukeTown_MapModData->/SW_NukeTown/Maps/SW_Nuketown->/SW_NukeTown/Maps/SW_Nuketown_BuiltData,8633686,None
0,/SW_NukeTown/Maps/tdm,World,Soft From Unassigned Package? Best Guess: /SW_NukeTown/SW_NukeTown_MapModData->/SW_NukeTown/Maps/SW_Nuketown->/SW_NukeTown/Maps/tdm,2574,None
0,/SW_NukeTown/Maps/tdm_BuiltData,MapBuildDataRegistry,Soft From Unassigned Package? Best Guess: /SW_NukeTown/Maps/tdm_BuiltData,807,None
0,/SW_NukeTown/SW_Nuketown,Texture2D,Soft From Unassigned Package? Best Guess: /SW_NukeTown/SW_NukeTown_MapModData->/SW_NukeTown/SW_Nuketown,1581393,None
0,/SW_NukeTown/SW_NukeTown_MapModData,ContractorsMapMod_C,Soft From Unassigned Package? Best Guess: /SW_NukeTown/SW_NukeTown_MapModData,1458,None
0,/SW_NukeTown/SW_NukeTown_ModInfo,ModInfoData,Soft From Unassigned Package? Best Guess: /SW_NukeTown/SW_NukeTown_ModInfo,828,None
0,/SWNT/Assets/ImperialShuttle/black_vents,Material,Soft From Unassigned Package? Best Guess: /SW_NukeTown/SW_NukeTown_MapModData->/SW_NukeTown/Maps/SW_Nuketown->/SW_NukeTown/Assets/ImpBuilding/Ships/ImpWingsUp2->/SWNT/Assets/ImperialShuttle/black_vents,205368,None
0,/SWNT/Assets/X-Wing/MetalWhite,Material,Soft From Unassigned Package? Best Guess: /SW_NukeTown/Assets/ImpBuilding/Decorations/TechnoCorridor->/SWNT/Assets/X-Wing/MetalWhite,147063,None
